WEEK_NUMBER,WEEK_NUMBER_LIVE_SHOW,ARTIST,PLAY_COUNT,PLAY_COUNT_BEFORE,PLAY_COUNT_AFTER
1,1,TEKE::TEKE,5,5,0
1,4,Ibibio Sound Machine,4,4,0
1,7,King Gizzard & the Lizard Wizard,2,2,0
1,7,King Gizzard and the Lizard Wizard,1,1,0
1,8,Amyl and The Sniffers,2,2,0
1,11,Spellling,1,1,0
1,12,Xenia Rubinos,2,2,0
1,12,tUnE-yArDs,1,1,0
1,13,Khruangbin,6,6,0
1,13,Say She She,2,2,0
1,14,beabadoobee,2,2,0
1,18,Hibou,7,7,0
1,19,Luna,3,3,0
1,21,Pierre Kwenders,1,1,0
1,22,Sofi Tukker,1,1,0
1,23,Clinton Fearon,7,7,0
1,24,Viagra Boys,1,1,0
1,26,KAINA,2,2,0
1,27,Superchunk,2,2,0
1,30,Caroline Polachek,7,7,0
1,34,Digable Planets,6,6,0
1,34,Kassa Overall,1,1,0
1,35,All Them Witches,1,1,0
1,39,MAITA,1,1,0
1,45,Tamikrest,1,1,0
1,46,Spirit Award,1,1,0
1,47,Black Belt Eagle Scout,11,11,0
1,50,The Budos Band,6,6,0
1,51,The Mountain Goats,3,3,0
2,1,TEKE::TEKE,2,0,2
2,2,Ethel Cain,4,4,0
2,4,Ibibio Sound Machine,5,5,0
2,5,Julia Jacklin,1,1,0
2,8,Amyl and The Sniffers,2,2,0
2,11,Spellling,1,1,0
2,12,Xenia Rubinos,1,1,0
2,12,tUnE-yArDs,2,2,0
2,13,Khruangbin,10,10,0
2,14,beabadoobee,1,1,0
2,15,Duo Ruut,1,1,0
2,18,Hibou,10,10,0
2,19,Luna,1,1,0
2,22,Sofi Tukker,4,4,0
2,23,Clinton Fearon,11,11,0
2,24,Viagra Boys,9,9,0
2,26,KAINA,3,3,0
2,26,Sen Morimoto,2,2,0
2,27,Superchunk,1,1,0
2,29,Los Mirlos,1,1,0
2,30,Caroline Polachek,9,9,0
2,34,Digable Planets,19,19,0
2,34,Kassa Overall,1,1,0
2,35,All Them Witches,1,1,0
2,37,Deerhoof,2,2,0
2,39,MAITA,2,2,0
2,45,Tamikrest,1,1,0
2,47,Black Belt Eagle Scout,5,5,0
2,50,The Budos Band,1,1,0
3,1,TEKE::TEKE,1,0,1
3,3,Hania Rani,4,4,0
3,4,Ibibio Sound Machine,8,8,0
3,11,Spellling,3,3,0
3,12,Xenia Rubinos,1,1,0
3,12,tUnE-yArDs,1,1,0
3,13,Khruangbin,6,6,0
3,13,Say She She,1,1,0
3,14,beabadoobee,1,1,0
3,15,Duo Ruut,3,3,0
3,18,Hibou,11,11,0
3,19,Luna,4,4,0
3,23,Clinton Fearon,7,7,0
3,24,Viagra Boys,1,1,0
3,26,KAINA,2,2,0
3,26,Sen Morimoto,1,1,0
3,27,Superchunk,3,3,0
3,28,Austin TV,1,1,0
3,30,Caroline Polachek,7,7,0
3,34,Digable Planets,5,5,0
3,34,Kassa Overall,3,3,0
3,40,The Album Leaf,1,1,0
3,41,Jeremy Dutcher,1,1,0
3,43,Tinariwen,1,1,0
3,46,Spirit Award,3,3,0
3,47,Black Belt Eagle Scout,9,9,0
3,50,The Budos Band,3,3,0
4,3,Hania Rani,1,0,1
4,4,Ibibio Sound Machine,15,15,0
4,5,Julia Jacklin,2,2,0
4,6,Bandalos Chinos,1,1,0
4,8,Amyl and The Sniffers,1,1,0
4,9,Otoboke Beaver,1,1,0
4,11,Spellling,1,1,0
4,12,Xenia Rubinos,2,2,0
4,12,tUnE-yArDs,4,4,0
4,13,Khruangbin,6,6,0
4,13,Say She She,1,1,0
4,14,beabadoobee,1,1,0
4,17,Danielle Ponder,4,4,0
4,18,Hibou,8,8,0
4,19,Luna,2,2,0
4,21,Pierre Kwenders,1,1,0
4,22,Sofi Tukker,1,1,0
4,23,Clinton Fearon,4,4,0
4,24,Viagra Boys,2,2,0
4,25,Mabe Fratti,1,1,0
4,26,KAINA,2,2,0
4,26,Sen Morimoto,2,2,0
4,27,Superchunk,3,3,0
4,30,Caroline Polachek,8,8,0
4,34,Digable Planets,3,3,0
4,34,Kassa Overall,2,2,0
4,35,All Them Witches,2,2,0
4,37,Deerhoof,2,2,0
4,39,MAITA,2,2,0
4,46,Spirit Award,6,6,0
4,47,Black Belt Eagle Scout,4,4,0
4,50,The Budos Band,1,1,0
5,4,Ibibio Sound Machine,6,0,6
5,5,Julia Jacklin,5,5,0
5,8,Amyl and The Sniffers,2,2,0
5,12,Xenia Rubinos,1,1,0
5,12,tUnE-yArDs,8,8,0
5,13,Khruangbin,4,4,0
5,14,beabadoobee,2,2,0
5,18,Hibou,3,3,0
5,19,Luna,3,3,0
5,21,Pierre Kwenders,2,2,0
5,23,Clinton Fearon,1,1,0
5,27,Superchunk,1,1,0
5,30,Caroline Polachek,4,4,0
5,34,Digable Planets,16,16,0
5,34,Kassa Overall,2,2,0
5,35,All Them Witches,2,2,0
5,39,MAITA,1,1,0
5,40,The Album Leaf,1,1,0
5,43,Tinariwen,1,1,0
5,46,Spirit Award,4,4,0
5,47,Black Belt Eagle Scout,5,5,0
6,1,TEKE::TEKE,2,0,2
6,4,Ibibio Sound Machine,5,0,5
6,6,Bandalos Chinos,6,6,0
6,7,King Gizzard & the Lizard Wizard,1,1,0
6,8,Amyl and The Sniffers,2,2,0
6,12,Xenia Rubinos,2,2,0
6,12,tUnE-yArDs,7,7,0
6,13,Khruangbin,2,2,0
6,13,Say She She,2,2,0
6,14,beabadoobee,1,1,0
6,17,Danielle Ponder,1,1,0
6,18,Hibou,4,4,0
6,19,Luna,1,1,0
6,21,Pierre Kwenders,1,1,0
6,22,Sofi Tukker,1,1,0
6,23,Clinton Fearon,1,1,0
6,24,Viagra Boys,2,2,0
6,26,KAINA,3,3,0
6,26,Sen Morimoto,1,1,0
6,30,Caroline Polachek,10,10,0
6,31,Rose City Band,2,2,0
6,34,Digable Planets,13,13,0
6,34,Kassa Overall,6,6,0
6,35,All Them Witches,1,1,0
6,40,The Album Leaf,1,1,0
6,46,Spirit Award,6,6,0
6,47,Black Belt Eagle Scout,11,11,0
6,48,47SOUL,1,1,0
6,49,Youth Lagoon,1,1,0
6,50,The Budos Band,1,1,0
6,51,The Mountain Goats,2,2,0
7,1,TEKE::TEKE,1,0,1
7,4,Ibibio Sound Machine,6,0,6
7,5,Julia Jacklin,1,0,1
7,7,King Gizzard & the Lizard Wizard,1,1,0
7,7,King Gizzard and the Lizard Wizard,2,2,0
7,8,Deathwish,2,2,0
7,11,Spellling,2,2,0
7,12,Xenia Rubinos,1,1,0
7,12,tUnE-yArDs,6,6,0
7,13,Khruangbin,4,4,0
7,13,Say She She,1,1,0
7,14,beabadoobee,1,1,0
7,18,Hibou,4,4,0
7,21,Pierre Kwenders,2,2,0
7,22,Sofi Tukker,1,1,0
7,23,Clinton Fearon,2,2,0
7,24,Viagra Boys,1,1,0
7,25,Mabe Fratti,1,1,0
7,27,Superchunk,3,3,0
7,29,Los Mirlos,1,1,0
7,30,Caroline Polachek,16,16,0
7,31,Rose City Band,2,2,0
7,34,Digable Planets,5,5,0
7,34,Kassa Overall,11,11,0
7,37,Deerhoof,1,1,0
7,39,NONBINARY GIRLFRIEND,1,1,0
7,41,The Halluci Nation,1,1,0
7,46,Spirit Award,3,3,0
7,47,Black Belt Eagle Scout,12,12,0
7,50,The Budos Band,4,4,0
7,51,The Mountain Goats,3,3,0
8,1,TEKE::TEKE,1,0,1
8,4,Ibibio Sound Machine,10,0,10
8,5,Julia Jacklin,1,0,1
8,7,King Gizzard & the Lizard Wizard,1,0,1
8,8,Amyl and The Sniffers,6,6,0
8,8,Deathwish,1,1,0
8,12,Xenia Rubinos,1,1,0
8,12,tUnE-yArDs,6,6,0
8,13,Khruangbin,1,1,0
8,18,Hibou,3,3,0
8,21,Pierre Kwenders,3,3,0
8,22,Sofi Tukker,1,1,0
8,23,Clinton Fearon,4,4,0
8,24,Viagra Boys,2,2,0
8,25,Mabe Fratti,1,1,0
8,27,Superchunk,3,3,0
8,28,Austin TV,1,1,0
8,29,Los Mirlos,1,1,0
8,30,Caroline Polachek,15,15,0
8,31,Rose City Band,1,1,0
8,32,Party Dozen,1,1,0
8,34,Digable Planets,5,5,0
8,34,Kassa Overall,8,8,0
8,39,MAITA,1,1,0
8,40,The Album Leaf,1,1,0
8,43,Tinariwen,3,3,0
8,45,Tamikrest,1,1,0
8,46,Spirit Award,3,3,0
8,47,Black Belt Eagle Scout,8,8,0
8,50,The Budos Band,6,6,0
9,1,TEKE::TEKE,1,0,1
9,4,Ibibio Sound Machine,7,0,7
9,6,Bandalos Chinos,1,0,1
9,8,Amyl and The Sniffers,2,0,2
9,9,Otoboke Beaver,5,5,0
9,11,Spellling,1,1,0
9,12,Xenia Rubinos,1,1,0
9,12,tUnE-yArDs,9,9,0
9,13,Khruangbin,3,3,0
9,13,Say She She,2,2,0
9,14,beabadoobee,2,2,0
9,18,Hibou,2,2,0
9,19,Luna,2,2,0
9,21,Pierre Kwenders,6,6,0
9,22,Sofi Tukker,2,2,0
9,23,Clinton Fearon,5,5,0
9,24,Viagra Boys,8,8,0
9,26,KAINA,2,2,0
9,27,Superchunk,4,4,0
9,28,Austin TV,1,1,0
9,29,Los Mirlos,1,1,0
9,30,Caroline Polachek,11,11,0
9,31,Rose City Band,2,2,0
9,34,Digable Planets,13,13,0
9,34,Kassa Overall,9,9,0
9,37,Deerhoof,1,1,0
9,39,MAITA,1,1,0
9,44,Nabihah Iqbal,4,4,0
9,46,Spirit Award,2,2,0
9,47,Black Belt Eagle Scout,8,8,0
9,51,The Mountain Goats,1,1,0
10,1,TEKE::TEKE,1,0,1
10,3,Hania Rani,1,0,1
10,4,Ibibio Sound Machine,8,0,8
10,5,Julia Jacklin,2,0,2
10,8,Amyl and The Sniffers,2,0,2
10,9,Otoboke Beaver,1,0,1
10,10,Preoccupations,5,5,0
10,12,Xenia Rubinos,1,1,0
10,12,tUnE-yArDs,1,1,0
10,13,Khruangbin,2,2,0
10,13,Say She She,1,1,0
10,14,beabadoobee,1,1,0
10,18,Hibou,1,1,0
10,22,Sofi Tukker,1,1,0
10,23,Clinton Fearon,2,2,0
10,24,Viagra Boys,2,2,0
10,27,Superchunk,1,1,0
10,30,Caroline Polachek,10,10,0
10,31,Rose City Band,1,1,0
10,32,Party Dozen,2,2,0
10,34,Digable Planets,5,5,0
10,34,Kassa Overall,3,3,0
10,39,MAITA,1,1,0
10,40,The Album Leaf,1,1,0
10,44,Nabihah Iqbal,1,1,0
10,46,Spirit Award,2,2,0
10,47,Black Belt Eagle Scout,4,4,0
10,49,Youth Lagoon,2,2,0
10,51,The Mountain Goats,1,1,0
11,1,TEKE::TEKE,2,0,2
11,3,Hania Rani,1,0,1
11,4,Ibibio Sound Machine,11,0,11
11,7,King Gizzard & the Lizard Wizard,1,0,1
11,8,Amyl and The Sniffers,1,0,1
11,11,Spellling,6,6,0
11,12,Xenia Rubinos,3,3,0
11,12,tUnE-yArDs,5,5,0
11,13,Khruangbin,3,3,0
11,13,Say She She,1,1,0
11,14,beabadoobee,2,2,0
11,17,Danielle Ponder,1,1,0
11,19,Luna,2,2,0
11,21,Pierre Kwenders,2,2,0
11,22,Sofi Tukker,1,1,0
11,23,Clinton Fearon,7,7,0
11,24,Viagra Boys,2,2,0
11,25,Mabe Fratti,1,1,0
11,26,KAINA,2,2,0
11,26,Sen Morimoto,1,1,0
11,27,Superchunk,6,6,0
11,28,Austin TV,1,1,0
11,29,Los Mirlos,1,1,0
11,30,Caroline Polachek,6,6,0
11,31,Rose City Band,1,1,0
11,34,Digable Planets,12,12,0
11,34,Kassa Overall,3,3,0
11,37,Deerhoof,1,1,0
11,39,MAITA,1,1,0
11,43,Tinariwen,1,1,0
11,44,Nabihah Iqbal,2,2,0
11,46,Spirit Award,5,5,0
11,49,Youth Lagoon,1,1,0
11,51,The Mountain Goats,1,1,0
12,1,TEKE::TEKE,2,0,2
12,3,Hania Rani,2,0,2
12,4,Ibibio Sound Machine,18,0,18
12,5,Julia Jacklin,2,0,2
12,8,Amyl and The Sniffers,3,0,3
12,9,Otoboke Beaver,1,0,1
12,10,Preoccupations,1,0,1
12,11,Spellling,1,0,1
12,12,Xenia Rubinos,7,7,0
12,12,tUnE-yArDs,15,15,0
12,13,Khruangbin,4,4,0
12,13,Say She She,8,8,0
12,14,beabadoobee,3,3,0
12,17,Danielle Ponder,2,2,0
12,18,Hibou,2,2,0
12,19,Luna,2,2,0
12,21,Pierre Kwenders,3,3,0
12,22,Sofi Tukker,2,2,0
12,23,Clinton Fearon,2,2,0
12,26,KAINA,1,1,0
12,26,Sen Morimoto,1,1,0
12,27,Superchunk,2,2,0
12,28,Austin TV,1,1,0
12,29,Los Mirlos,1,1,0
12,30,Caroline Polachek,12,12,0
12,31,Rose City Band,1,1,0
12,34,Digable Planets,4,4,0
12,34,High Pulp,2,2,0
12,34,Kassa Overall,6,6,0
12,35,All Them Witches,1,1,0
12,39,MAITA,1,1,0
12,40,The Album Leaf,1,1,0
12,42,JoyCut,1,1,0
12,44,Nabihah Iqbal,1,1,0
12,45,Tamikrest,1,1,0
12,46,Spirit Award,7,7,0
12,47,Black Belt Eagle Scout,9,9,0
12,49,Youth Lagoon,1,1,0
12,50,The Budos Band,1,1,0
12,51,The Mountain Goats,3,3,0
13,1,TEKE::TEKE,1,0,1
13,2,Ethel Cain,2,0,2
13,4,Ibibio Sound Machine,12,0,12
13,5,Julia Jacklin,1,0,1
13,7,King Gizzard & the Lizard Wizard,2,0,2
13,8,Amyl and The Sniffers,2,0,2
13,11,Spellling,2,0,2
13,12,Xenia Rubinos,2,0,2
13,12,tUnE-yArDs,12,0,12
13,13,Khruangbin,7,7,0
13,13,Say She She,11,11,0
13,14,beabadoobee,9,9,0
13,19,Luna,1,1,0
13,21,Pierre Kwenders,4,4,0
13,23,Clinton Fearon,5,5,0
13,24,Live on KEXP,1,1,0
13,25,Mabe Fratti,1,1,0
13,26,KAINA,3,3,0
13,27,Superchunk,2,2,0
13,28,Austin TV,1,1,0
13,30,Caroline Polachek,7,7,0
13,31,Rose City Band,4,4,0
13,32,Party Dozen,5,5,0
13,33,Zeta,1,1,0
13,34,Digable Planets,2,2,0
13,34,Kassa Overall,9,9,0
13,34,Vieux Farka Touré,1,1,0
13,35,All Them Witches,2,2,0
13,37,Deerhoof,5,5,0
13,39,MAITA,1,1,0
13,39,NONBINARY GIRLFRIEND,1,1,0
13,41,Jeremy Dutcher,1,1,0
13,43,Tinariwen,1,1,0
13,44,Nabihah Iqbal,3,3,0
13,46,Spirit Award,11,11,0
13,47,Black Belt Eagle Scout,5,5,0
13,50,The Budos Band,1,1,0
13,51,The Mountain Goats,6,6,0
14,1,TEKE::TEKE,4,0,4
14,3,Hania Rani,1,0,1
14,4,Ibibio Sound Machine,15,0,15
14,7,King Gizzard & the Lizard Wizard,4,0,4
14,8,Amyl and The Sniffers,2,0,2
14,9,Otoboke Beaver,1,0,1
14,10,Preoccupations,1,0,1
14,11,Spellling,1,0,1
14,12,Xenia Rubinos,1,0,1
14,12,tUnE-yArDs,14,0,14
14,13,Khruangbin,2,0,2
14,13,Say She She,3,0,3
14,14,beabadoobee,10,10,0
14,18,Hibou,2,2,0
14,19,Luna,3,3,0
14,22,Sofi Tukker,2,2,0
14,23,Clinton Fearon,6,6,0
14,24,Viagra Boys,1,1,0
14,26,KAINA,1,1,0
14,26,Sen Morimoto,1,1,0
14,27,Superchunk,7,7,0
14,30,Caroline Polachek,3,3,0
14,31,Rose City Band,3,3,0
14,32,Party Dozen,1,1,0
14,33,Zeta,2,2,0
14,34,Digable Planets,4,4,0
14,34,Kassa Overall,5,5,0
14,34,Vieux Farka Touré,1,1,0
14,35,All Them Witches,2,2,0
14,37,Deerhoof,1,1,0
14,42,JoyCut,1,1,0
14,44,Nabihah Iqbal,4,4,0
14,46,Spirit Award,5,5,0
14,47,Black Belt Eagle Scout,2,2,0
14,49,Youth Lagoon,1,1,0
14,50,The Budos Band,2,2,0
14,51,The Mountain Goats,3,3,0
15,3,Hania Rani,1,0,1
15,4,Ibibio Sound Machine,12,0,12
15,5,Julia Jacklin,1,0,1
15,7,King Gizzard & the Lizard Wizard,2,0,2
15,8,Amyl and The Sniffers,3,0,3
15,9,Otoboke Beaver,1,0,1
15,11,Spellling,2,0,2
15,12,Xenia Rubinos,3,0,3
15,12,tUnE-yArDs,13,0,13
15,13,Khruangbin,5,0,5
15,13,Say She She,4,0,4
15,14,beabadoobee,1,0,1
15,15,Duo Ruut,5,5,0
15,19,Luna,1,1,0
15,21,Pierre Kwenders,2,2,0
15,22,Sofi Tukker,1,1,0
15,23,Clinton Fearon,4,4,0
15,24,Viagra Boys,10,10,0
15,26,KAINA,3,3,0
15,27,Superchunk,2,2,0
15,29,Los Mirlos,1,1,0
15,30,Caroline Polachek,6,6,0
15,34,Digable Planets,13,13,0
15,34,Kassa Overall,11,11,0
15,34,Vieux Farka Touré,5,5,0
15,35,All Them Witches,7,7,0
15,37,Deerhoof,4,4,0
15,39,NONBINARY GIRLFRIEND,1,1,0
15,44,Nabihah Iqbal,4,4,0
15,46,Spirit Award,7,7,0
15,47,Black Belt Eagle Scout,4,4,0
15,49,Youth Lagoon,3,3,0
15,50,The Budos Band,3,3,0
15,51,The Mountain Goats,2,2,0
16,4,Ibibio Sound Machine,12,0,12
16,7,King Gizzard & the Lizard Wizard,5,0,5
16,11,Spellling,2,0,2
16,12,Xenia Rubinos,1,0,1
16,12,tUnE-yArDs,16,0,16
16,13,Khruangbin,5,0,5
16,13,Say She She,2,0,2
16,14,beabadoobee,5,0,5
16,16,MEULE,3,3,0
16,19,Luna,2,2,0
16,21,Pierre Kwenders,2,2,0
16,22,Sofi Tukker,1,1,0
16,23,Clinton Fearon,5,5,0
16,24,Live on KEXP,1,1,0
16,24,Viagra Boys,2,2,0
16,25,Mabe Fratti,1,1,0
16,26,KAINA,1,1,0
16,27,Superchunk,3,3,0
16,28,Austin TV,1,1,0
16,30,Caroline Polachek,7,7,0
16,31,Rose City Band,5,5,0
16,34,Digable Planets,8,8,0
16,34,High Pulp,1,1,0
16,34,Kassa Overall,6,6,0
16,35,All Them Witches,2,2,0
16,37,Deerhoof,1,1,0
16,38,Aynur,1,1,0
16,39,MAITA,1,1,0
16,39,NONBINARY GIRLFRIEND,1,1,0
16,41,The Halluci Nation,1,1,0
16,42,JoyCut,1,1,0
16,43,Tinariwen,1,1,0
16,44,Nabihah Iqbal,2,2,0
16,45,Tamikrest,1,1,0
16,46,Spirit Award,4,4,0
16,47,Black Belt Eagle Scout,4,4,0
16,50,The Budos Band,1,1,0
16,51,The Mountain Goats,1,1,0
17,3,Hania Rani,1,0,1
17,4,Ibibio Sound Machine,13,0,13
17,7,King Gizzard & the Lizard Wizard,8,0,8
17,8,Amyl and The Sniffers,1,0,1
17,11,Spellling,1,0,1
17,12,Xenia Rubinos,1,0,1
17,12,tUnE-yArDs,13,0,13
17,13,Khruangbin,9,0,9
17,14,beabadoobee,4,0,4
17,17,Danielle Ponder,5,5,0
17,18,Hibou,2,2,0
17,19,Luna,3,3,0
17,20,Şatellites,2,2,0
17,21,Pierre Kwenders,2,2,0
17,22,Sofi Tukker,3,3,0
17,23,Clinton Fearon,4,4,0
17,24,Live on KEXP,1,1,0
17,24,Viagra Boys,3,3,0
17,25,Mabe Fratti,1,1,0
17,26,KAINA,1,1,0
17,26,Sen Morimoto,1,1,0
17,27,Superchunk,1,1,0
17,28,Austin TV,1,1,0
17,30,Caroline Polachek,7,7,0
17,31,Rose City Band,5,5,0
17,32,Party Dozen,1,1,0
17,34,Digable Planets,6,6,0
17,34,High Pulp,1,1,0
17,34,Kassa Overall,2,2,0
17,35,All Them Witches,1,1,0
17,37,Deerhoof,2,2,0
17,39,MAITA,2,2,0
17,39,NONBINARY GIRLFRIEND,1,1,0
17,40,The Album Leaf,1,1,0
17,42,JoyCut,1,1,0
17,44,Nabihah Iqbal,5,5,0
17,45,Tamikrest,1,1,0
17,46,Spirit Award,7,7,0
17,47,Black Belt Eagle Scout,3,3,0
17,50,The Budos Band,2,2,0
17,51,The Mountain Goats,3,3,0
18,1,TEKE::TEKE,1,0,1
18,3,Hania Rani,1,0,1
18,4,Ibibio Sound Machine,12,0,12
18,5,Julia Jacklin,1,0,1
18,7,King Gizzard & the Lizard Wizard,8,0,8
18,8,Amyl and The Sniffers,1,0,1
18,8,Deathwish,1,0,1
18,9,Otoboke Beaver,2,0,2
18,11,Spellling,3,0,3
18,12,tUnE-yArDs,15,0,15
18,13,Khruangbin,10,0,10
18,13,Say She She,5,0,5
18,14,beabadoobee,3,0,3
18,18,Hibou,4,4,0
18,19,Luna,2,2,0
18,22,Sofi Tukker,6,6,0
18,23,Clinton Fearon,5,5,0
18,24,Viagra Boys,2,2,0
18,26,Sen Morimoto,3,3,0
18,27,Superchunk,4,4,0
18,29,Los Mirlos,1,1,0
18,30,Caroline Polachek,9,9,0
18,31,Rose City Band,8,8,0
18,34,Digable Planets,14,14,0
18,34,High Pulp feat. Daedelus,2,2,0
18,34,Kassa Overall,4,4,0
18,34,Vieux Farka Touré,1,1,0
18,35,All Them Witches,1,1,0
18,37,Deerhoof,6,6,0
18,38,Aynur,5,5,0
18,44,Nabihah Iqbal,15,15,0
18,45,Tamikrest,1,1,0
18,46,Spirit Award,9,9,0
18,47,Black Belt Eagle Scout,2,2,0
18,49,Youth Lagoon,1,1,0
18,50,The Budos Band,2,2,0
18,51,The Mountain Goats,3,3,0
19,1,TEKE::TEKE,7,0,7
19,4,Ibibio Sound Machine,8,0,8
19,5,Julia Jacklin,3,0,3
19,11,Spellling,3,0,3
19,12,Xenia Rubinos,3,0,3
19,12,tUnE-yArDs,14,0,14
19,13,Khruangbin,17,0,17
19,13,Say She She,3,0,3
19,14,beabadoobee,6,0,6
19,17,Danielle Ponder,3,0,3
19,19,Luna,8,8,0
19,20,Şatellites,2,2,0
19,21,Pierre Kwenders,2,2,0
19,22,Sofi Tukker,1,1,0
19,23,Clinton Fearon,5,5,0
19,24,Live on KEXP,1,1,0
19,24,Viagra Boys,3,3,0
19,26,Sen Morimoto,2,2,0
19,27,Superchunk,1,1,0
19,28,Austin TV,1,1,0
19,29,Los Mirlos,1,1,0
19,30,Caroline Polachek,7,7,0
19,31,Rose City Band,4,4,0
19,32,Party Dozen,1,1,0
19,34,Digable Planets,6,6,0
19,34,High Pulp,2,2,0
19,34,Kassa Overall,2,2,0
19,34,Vieux Farka Touré,1,1,0
19,37,Deerhoof,3,3,0
19,40,The Album Leaf,1,1,0
19,43,Tinariwen,2,2,0
19,44,Nabihah Iqbal,13,13,0
19,45,Tamikrest,1,1,0
19,46,Spirit Award,7,7,0
19,47,Black Belt Eagle Scout,8,8,0
19,48,47SOUL,1,1,0
19,50,The Budos Band,3,3,0
19,51,The Mountain Goats,6,6,0
20,1,TEKE::TEKE,4,0,4
20,2,Ethel Cain,3,0,3
20,4,Ibibio Sound Machine,5,0,5
20,5,Julia Jacklin,2,0,2
20,7,King Gizzard & the Lizard Wizard,4,0,4
20,8,Amyl and The Sniffers,2,0,2
20,9,Otoboke Beaver,1,0,1
20,12,Xenia Rubinos,3,0,3
20,12,tUnE-yArDs,9,0,9
20,13,Khruangbin,17,0,17
20,14,beabadoobee,4,0,4
20,17,Danielle Ponder,3,0,3
20,18,Hibou,1,0,1
20,19,Luna,1,0,1
20,20,Şatellites,10,10,0
20,21,Pierre Kwenders,2,2,0
20,22,Sofi Tukker,1,1,0
20,23,Clinton Fearon,3,3,0
20,24,Viagra Boys,2,2,0
20,25,Mabe Fratti,1,1,0
20,27,Superchunk,1,1,0
20,29,Los Mirlos,1,1,0
20,30,Caroline Polachek,5,5,0
20,31,Rose City Band,4,4,0
20,34,Digable Planets,4,4,0
20,34,Kassa Overall,4,4,0
20,37,Deerhoof,1,1,0
20,39,MAITA,4,4,0
20,39,NONBINARY GIRLFRIEND,2,2,0
20,40,The Album Leaf,1,1,0
20,42,JoyCut,1,1,0
20,43,Tinariwen,3,3,0
20,44,Nabihah Iqbal,7,7,0
20,45,Tamikrest,1,1,0
20,46,Spirit Award,16,16,0
20,47,Black Belt Eagle Scout,4,4,0
20,48,47SOUL,1,1,0
20,48,47Soul,1,1,0
20,49,Youth Lagoon,1,1,0
20,50,The Budos Band,1,1,0
20,51,The Mountain Goats,3,3,0
21,1,TEKE::TEKE,2,0,2
21,2,Ethel Cain,2,0,2
21,4,Ibibio Sound Machine,5,0,5
21,5,Julia Jacklin,2,0,2
21,6,Bandalos Chinos,1,0,1
21,7,King Gizzard & the Lizard Wizard,4,0,4
21,8,Amyl and The Sniffers,4,0,4
21,11,Spellling,2,0,2
21,12,Xenia Rubinos,3,0,3
21,12,tUnE-yArDs,8,0,8
21,13,Khruangbin,20,0,20
21,13,Say She She,2,0,2
21,14,beabadoobee,3,0,3
21,20,Şatellites,1,0,1
21,21,Branko feat. Pierre Kwenders,1,1,0
21,21,Pierre Kwenders,3,3,0
21,21,Pierre Kwenders ft. anaïs,1,1,0
21,22,Sofi Tukker,2,2,0
21,23,Clinton Fearon,2,2,0
21,24,Viagra Boys,4,4,0
21,30,Caroline Polachek,3,3,0
21,31,Rose City Band,4,4,0
21,34,Digable Planets,4,4,0
21,34,High Pulp feat. Daedelus,2,2,0
21,34,Kassa Overall,3,3,0
21,37,Deerhoof,2,2,0
21,39,MAITA,3,3,0
21,40,The Album Leaf,1,1,0
21,41,Jeremy Dutcher,4,4,0
21,41,The Halluci Nation,1,1,0
21,43,Tinariwen,5,5,0
21,44,Nabihah Iqbal,8,8,0
21,45,Tamikrest,1,1,0
21,46,Spirit Award,11,11,0
21,47,Black Belt Eagle Scout,2,2,0
21,50,The Budos Band,12,12,0
21,51,The Mountain Goats,2,2,0
22,1,TEKE::TEKE,1,0,1
22,2,Ethel Cain,2,0,2
22,4,Ibibio Sound Machine,6,0,6
22,5,Julia Jacklin,3,0,3
22,6,Bandalos Chinos,1,0,1
22,7,King Gizzard & the Lizard Wizard,5,0,5
22,8,Amyl and The Sniffers,4,0,4
22,9,Otoboke Beaver,1,0,1
22,10,Preoccupations,1,0,1
22,11,Spellling,6,0,6
22,12,Xenia Rubinos,3,0,3
22,12,tUnE-yArDs,9,0,9
22,13,Khruangbin,16,0,16
22,13,Say She She,1,0,1
22,14,beabadoobee,4,0,4
22,17,Danielle Ponder,1,0,1
22,19,Luna,2,0,2
22,21,Pierre Kwenders,2,0,2
22,22,Sofi Tukker,5,5,0
22,23,Clinton Fearon,8,8,0
22,24,Live on KEXP,1,1,0
22,24,Viagra Boys,6,6,0
22,25,Mabe Fratti,1,1,0
22,27,Superchunk,1,1,0
22,28,Austin TV,1,1,0
22,30,Caroline Polachek,3,3,0
22,31,Rose City Band,2,2,0
22,33,Zeta,1,1,0
22,34,Digable Planets,8,8,0
22,34,High Pulp feat. Daedelus,1,1,0
22,34,Kassa Overall,7,7,0
22,35,All Them Witches,2,2,0
22,37,Deerhoof,3,3,0
22,39,MAITA,3,3,0
22,39,NONBINARY GIRLFRIEND,5,5,0
22,40,The Album Leaf,1,1,0
22,41,Jeremy Dutcher,2,2,0
22,42,JoyCut,2,2,0
22,43,Tinariwen,7,7,0
22,44,Nabihah Iqbal,15,15,0
22,45,Tamikrest,2,2,0
22,46,Spirit Award,9,9,0
22,47,Black Belt Eagle Scout,8,8,0
22,50,The Budos Band,8,8,0
22,51,The Mountain Goats,3,3,0
23,4,Ibibio Sound Machine,7,0,7
23,5,Julia Jacklin,2,0,2
23,7,King Gizzard & the Lizard Wizard,6,0,6
23,8,Amyl and The Sniffers,1,0,1
23,9,Otoboke Beaver,1,0,1
23,11,Spellling,4,0,4
23,12,tUnE-yArDs,3,0,3
23,13,Khruangbin,11,0,11
23,13,Say She She,6,0,6
23,14,beabadoobee,1,0,1
23,19,Luna,3,0,3
23,20,Şatellites,1,0,1
23,22,Sofi Tukker,4,0,4
23,23,Clinton Fearon,8,8,0
23,24,Viagra Boys,1,1,0
23,27,Superchunk,2,2,0
23,30,Caroline Polachek,3,3,0
23,31,Rose City Band,4,4,0
23,34,Digable Planets,6,6,0
23,34,High Pulp,3,3,0
23,34,Kassa Overall,5,5,0
23,39,MAITA,2,2,0
23,40,The Album Leaf,5,5,0
23,42,JoyCut,1,1,0
23,44,Nabihah Iqbal,11,11,0
23,45,Tamikrest,1,1,0
23,46,Spirit Award,7,7,0
23,47,Black Belt Eagle Scout,1,1,0
23,48,47SOUL,1,1,0
23,49,Youth Lagoon,2,2,0
23,50,The Budos Band,6,6,0
23,51,The Mountain Goats,2,2,0
24,1,TEKE::TEKE,1,0,1
24,2,Ethel Cain,1,0,1
24,4,Ibibio Sound Machine,7,0,7
24,5,Julia Jacklin,3,0,3
24,6,Bandalos Chinos,1,0,1
24,7,King Gizzard & the Lizard Wizard,4,0,4
24,10,Preoccupations,1,0,1
24,11,Spellling,3,0,3
24,12,Xenia Rubinos,3,0,3
24,12,tUnE-yArDs,4,0,4
24,13,Khruangbin,13,0,13
24,13,Say She She,4,0,4
24,14,beabadoobee,2,0,2
24,18,Hibou,1,0,1
24,21,Pierre Kwenders,2,0,2
24,23,Clinton Fearon,3,0,3
24,24,Live on KEXP,1,1,0
24,24,Viagra Boys,4,4,0
24,30,Caroline Polachek,7,7,0
24,31,Rose City Band,1,1,0
24,32,Party Dozen,1,1,0
24,34,Digable Planets,7,7,0
24,34,High Pulp,4,4,0
24,34,High Pulp feat. Daedelus,1,1,0
24,34,Kassa Overall,6,6,0
24,39,MAITA,3,3,0
24,43,Tinariwen,3,3,0
24,44,Nabihah Iqbal,6,6,0
24,45,Tamikrest,2,2,0
24,46,Spirit Award,6,6,0
24,47,Black Belt Eagle Scout,9,9,0
24,49,Youth Lagoon,2,2,0
24,50,The Budos Band,7,7,0
25,1,TEKE::TEKE,2,0,2
25,3,Hania Rani,1,0,1
25,4,Ibibio Sound Machine,5,0,5
25,5,Julia Jacklin,2,0,2
25,8,Amyl and The Sniffers,3,0,3
25,10,Preoccupations,1,0,1
25,11,Spellling,2,0,2
25,12,tUnE-yArDs,2,0,2
25,13,Khruangbin,15,0,15
25,13,Say She She,5,0,5
25,14,beabadoobee,2,0,2
25,17,Danielle Ponder,1,0,1
25,19,Luna,4,0,4
25,22,Sofi Tukker,3,0,3
25,23,Clinton Fearon,5,0,5
25,24,Viagra Boys,1,0,1
25,25,Mabe Fratti,5,5,0
25,30,Caroline Polachek,7,7,0
25,31,Rose City Band,7,7,0
25,33,Zeta,1,1,0
25,34,Digable Planets,12,12,0
25,34,Kassa Overall,3,3,0
25,37,Deerhoof,1,1,0
25,39,MAITA,2,2,0
25,39,NONBINARY GIRLFRIEND,1,1,0
25,41,Jeremy Dutcher,1,1,0
25,42,JoyCut,1,1,0
25,43,Tinariwen,1,1,0
25,44,Nabihah Iqbal,1,1,0
25,46,Spirit Award,3,3,0
25,47,Black Belt Eagle Scout,6,6,0
25,49,Youth Lagoon,3,3,0
25,50,The Budos Band,3,3,0
25,51,The Mountain Goats,2,2,0
26,2,Ethel Cain,1,0,1
26,3,Hania Rani,2,0,2
26,4,Ibibio Sound Machine,3,0,3
26,5,Julia Jacklin,2,0,2
26,6,Bandalos Chinos,1,0,1
26,7,King Gizzard & the Lizard Wizard,2,0,2
26,8,Amyl and The Sniffers,2,0,2
26,11,Spellling,4,0,4
26,12,Xenia Rubinos,3,0,3
26,12,tUnE-yArDs,5,0,5
26,13,Khruangbin,15,0,15
26,13,Say She She,5,0,5
26,19,Luna,1,0,1
26,22,Sofi Tukker,1,0,1
26,23,Clinton Fearon,6,0,6
26,24,Live on KEXP,1,0,1
26,24,Viagra Boys,3,0,3
26,26,KAINA,4,4,0
26,26,Sen Morimoto,2,2,0
26,27,Superchunk,4,4,0
26,30,Caroline Polachek,3,3,0
26,31,Rose City Band,4,4,0
26,33,Zeta,1,1,0
26,34,Digable Planets,12,12,0
26,34,Kassa Overall,6,6,0
26,35,All Them Witches,1,1,0
26,37,Deerhoof,1,1,0
26,38,Aynur,1,1,0
26,41,Jeremy Dutcher,2,2,0
26,42,JoyCut,2,2,0
26,44,Nabihah Iqbal,1,1,0
26,46,Spirit Award,11,11,0
26,47,Black Belt Eagle Scout,4,4,0
26,48,47SOUL,1,1,0
26,49,Youth Lagoon,1,1,0
26,50,The Budos Band,15,15,0
26,51,The Mountain Goats,1,1,0
27,1,TEKE::TEKE,1,0,1
27,2,Ethel Cain,2,0,2
27,4,Ibibio Sound Machine,4,0,4
27,5,Julia Jacklin,3,0,3
27,6,Bandalos Chinos,1,0,1
27,7,King Gizzard & the Lizard Wizard,1,0,1
27,8,Amyl and The Sniffers,3,0,3
27,9,Otoboke Beaver,1,0,1
27,11,Spellling,6,0,6
27,12,Xenia Rubinos,2,0,2
27,12,tUnE-yArDs,4,0,4
27,13,Khruangbin,25,0,25
27,13,Say She She,3,0,3
27,14,beabadoobee,3,0,3
27,17,Danielle Ponder,1,0,1
27,19,Luna,1,0,1
27,21,Pierre Kwenders,1,0,1
27,22,Sofi Tukker,2,0,2
27,23,Clinton Fearon,8,0,8
27,24,Live on KEXP,1,0,1
27,24,Viagra Boys,2,0,2
27,25,Mabe Fratti,2,0,2
27,26,KAINA,1,0,1
27,27,Superchunk,5,5,0
27,28,Austin TV,1,1,0
27,30,Caroline Polachek,3,3,0
27,31,Rose City Band,7,7,0
27,34,Digable Planets,6,6,0
27,34,Kassa Overall,4,4,0
27,35,All Them Witches,1,1,0
27,37,Deerhoof,1,1,0
27,41,Jeremy Dutcher,3,3,0
27,41,The Halluci Nation,1,1,0
27,42,JoyCut,1,1,0
27,44,Nabihah Iqbal,5,5,0
27,46,Spirit Award,10,10,0
27,47,Black Belt Eagle Scout,2,2,0
27,49,Youth Lagoon,1,1,0
27,50,The Budos Band,9,9,0
28,1,TEKE::TEKE,1,0,1
28,2,Ethel Cain,1,0,1
28,3,Hania Rani,2,0,2
28,4,Ibibio Sound Machine,3,0,3
28,5,Julia Jacklin,2,0,2
28,8,Amyl and The Sniffers,8,0,8
28,9,Otoboke Beaver,3,0,3
28,10,Preoccupations,2,0,2
28,11,Spellling,1,0,1
28,12,tUnE-yArDs,2,0,2
28,13,Khruangbin,17,0,17
28,13,Say She She,1,0,1
28,14,beabadoobee,5,0,5
28,18,Hibou,1,0,1
28,19,Luna,3,0,3
28,21,Pierre Kwenders ft. anaïs,1,0,1
28,22,Sofi Tukker,2,0,2
28,23,Clinton Fearon,2,0,2
28,24,Live on KEXP,1,0,1
28,24,Viagra Boys,1,0,1
28,26,KAINA,3,0,3
28,27,Superchunk,4,0,4
28,28,Austin TV,4,4,0
28,30,Caroline Polachek,3,3,0
28,31,Rose City Band,8,8,0
28,34,Digable Planets,8,8,0
28,34,Kassa Overall,3,3,0
28,35,All Them Witches,1,1,0
28,39,MAITA,2,2,0
28,42,JoyCut,6,6,0
28,44,Nabihah Iqbal,2,2,0
28,45,Tamikrest,1,1,0
28,46,Spirit Award,7,7,0
28,47,Black Belt Eagle Scout,2,2,0
28,49,Youth Lagoon,3,3,0
28,50,The Budos Band,8,8,0
28,51,The Mountain Goats,5,5,0
29,3,Hania Rani,1,0,1
29,4,Ibibio Sound Machine,3,0,3
29,5,Julia Jacklin,2,0,2
29,8,Amyl and The Sniffers,3,0,3
29,11,Spellling,2,0,2
29,12,Xenia Rubinos,8,0,8
29,12,tUnE-yArDs,3,0,3
29,13,Khruangbin,12,0,12
29,13,Say She She,2,0,2
29,14,beabadoobee,4,0,4
29,15,Duo Ruut,1,0,1
29,19,Luna,2,0,2
29,22,Sofi Tukker,1,0,1
29,23,Clinton Fearon,3,0,3
29,24,Live on KEXP,1,0,1
29,29,Los Mirlos,10,10,0
29,30,Caroline Polachek,12,12,0
29,31,Rose City Band,3,3,0
29,34,Digable Planets,11,11,0
29,34,High Pulp,1,1,0
29,35,All Them Witches,1,1,0
29,37,Deerhoof,1,1,0
29,39,MAITA,1,1,0
29,44,Nabihah Iqbal,1,1,0
29,46,Spirit Award,7,7,0
29,47,Black Belt Eagle Scout,3,3,0
29,49,Youth Lagoon,2,2,0
29,50,The Budos Band,6,6,0
29,51,The Mountain Goats,7,7,0
30,4,Ibibio Sound Machine,3,0,3
30,5,Julia Jacklin,3,0,3
30,7,King Gizzard & the Lizard Wizard,1,0,1
30,8,Amyl and The Sniffers,4,0,4
30,9,Otoboke Beaver,1,0,1
30,10,Preoccupations,4,0,4
30,11,Spellling,2,0,2
30,12,Xenia Rubinos,4,0,4
30,12,tUnE-yArDs,4,0,4
30,13,Khruangbin,22,0,22
30,13,Say She She,6,0,6
30,14,beabadoobee,3,0,3
30,19,Luna,3,0,3
30,22,Sofi Tukker,3,0,3
30,23,Clinton Fearon,6,0,6
30,24,Viagra Boys,1,0,1
30,25,Mabe Fratti,1,0,1
30,30,Caroline Polachek,8,8,0
30,30,KEXP,1,1,0
30,31,Rose City Band,2,2,0
30,34,Digable Planets,16,16,0
30,34,Kassa Overall,4,4,0
30,38,Aynur,1,1,0
30,39,MAITA,5,5,0
30,41,The Halluci Nation,1,1,0
30,44,Nabihah Iqbal,1,1,0
30,45,Tamikrest,1,1,0
30,47,Black Belt Eagle Scout,1,1,0
30,49,Youth Lagoon,1,1,0
30,50,The Budos Band,10,10,0
30,51,The Mountain Goats,1,1,0
31,3,Hania Rani,1,0,1
31,4,Ibibio Sound Machine,1,0,1
31,5,Julia Jacklin,1,0,1
31,8,Amyl and The Sniffers,6,0,6
31,9,Otoboke Beaver,1,0,1
31,11,Spellling,6,0,6
31,12,Xenia Rubinos,4,0,4
31,12,tUnE-yArDs,4,0,4
31,13,Khruangbin,8,0,8
31,13,Say She She,4,0,4
31,14,beabadoobee,5,0,5
31,19,Luna,4,0,4
31,22,Sofi Tukker,1,0,1
31,23,Clinton Fearon,3,0,3
31,24,Viagra Boys,2,0,2
31,25,Mabe Fratti,1,0,1
31,27,Superchunk,2,0,2
31,30,Caroline Polachek,6,0,6
31,31,Rose City Band,6,6,0
31,34,Digable Planets,10,10,0
31,34,High Pulp,1,1,0
31,34,Kassa Overall,1,1,0
31,41,The Halluci Nation,1,1,0
31,44,Nabihah Iqbal,1,1,0
31,47,Black Belt Eagle Scout,3,3,0
31,48,47SOUL,1,1,0
31,49,Youth Lagoon,4,4,0
31,50,The Budos Band,5,5,0
31,51,The Mountain Goats,4,4,0
32,2,Ethel Cain,1,0,1
32,3,Hania Rani,1,0,1
32,5,Julia Jacklin,3,0,3
32,6,Bandalos Chinos,2,0,2
32,8,Amyl and The Sniffers,4,0,4
32,9,Otoboke Beaver,1,0,1
32,10,Preoccupations,2,0,2
32,11,Spellling,1,0,1
32,12,Xenia Rubinos,2,0,2
32,12,tUnE-yArDs,2,0,2
32,13,Khruangbin,15,0,15
32,13,Say She She,5,0,5
32,14,beabadoobee,5,0,5
32,19,Luna,5,0,5
32,22,Sofi Tukker,2,0,2
32,23,Clinton Fearon,2,0,2
32,24,Viagra Boys,1,0,1
32,27,Superchunk,3,0,3
32,30,Caroline Polachek,5,0,5
32,31,Rose City Band,6,0,6
32,32,Party Dozen,4,4,0
32,34,Digable Planets,19,19,0
32,34,High Pulp,3,3,0
32,34,Kassa Overall,3,3,0
32,34,Vieux Farka Touré,1,1,0
32,35,All Them Witches,1,1,0
32,37,Deerhoof,1,1,0
32,39,MAITA,2,2,0
32,40,The Album Leaf,2,2,0
32,41,Jeremy Dutcher,1,1,0
32,44,Nabihah Iqbal,2,2,0
32,46,Spirit Award,1,1,0
32,47,Black Belt Eagle Scout,4,4,0
32,49,Youth Lagoon,3,3,0
32,50,The Budos Band,15,15,0
32,51,The Mountain Goats,9,9,0
33,2,Ethel Cain,6,0,6
33,4,Ibibio Sound Machine,3,0,3
33,5,Julia Jacklin,1,0,1
33,7,King Gizzard & the Lizard Wizard,1,0,1
33,8,Amyl and The Sniffers,6,0,6
33,10,Preoccupations,4,0,4
33,11,Spellling,3,0,3
33,12,Xenia Rubinos,4,0,4
33,12,tUnE-yArDs,2,0,2
33,13,Khruangbin,22,0,22
33,13,Say She She,2,0,2
33,14,beabadoobee,3,0,3
33,20,Şatellites,1,0,1
33,22,Sofi Tukker,4,0,4
33,23,Clinton Fearon,5,0,5
33,24,Viagra Boys,2,0,2
33,28,Austin TV,1,0,1
33,29,Los Mirlos,1,0,1
33,30,Caroline Polachek,8,0,8
33,31,Rose City Band,3,0,3
33,33,Zeta,4,4,0
33,34,Digable Planets,10,10,0
33,34,High Pulp,1,1,0
33,34,High Pulp feat. Daedelus,1,1,0
33,34,Kassa Overall,4,4,0
33,35,All Them Witches,1,1,0
33,37,Deerhoof,2,2,0
33,39,MAITA,1,1,0
33,41,The Halluci Nation,2,2,0
33,42,JoyCut,2,2,0
33,46,Spirit Award,2,2,0
33,47,Black Belt Eagle Scout,1,1,0
33,49,Youth Lagoon,2,2,0
33,50,The Budos Band,12,12,0
33,51,The Mountain Goats,6,6,0
34,1,TEKE::TEKE,5,0,5
34,2,Ethel Cain,3,0,3
34,4,Ibibio Sound Machine,4,0,4
34,5,Julia Jacklin,3,0,3
34,8,Amyl and The Sniffers,6,0,6
34,10,Preoccupations,1,0,1
34,11,Spellling,5,0,5
34,13,Khruangbin,17,0,17
34,13,Say She She,5,0,5
34,14,beabadoobee,3,0,3
34,19,Luna,1,0,1
34,22,Sofi Tukker,1,0,1
34,23,Clinton Fearon,4,0,4
34,24,Viagra Boys,1,0,1
34,27,Superchunk,2,0,2
34,30,Caroline Polachek,5,0,5
34,34,Digable Planets,11,11,0
34,34,High Pulp,6,6,0
34,34,High Pulp feat. Daedelus,2,2,0
34,34,Kassa Overall,4,4,0
34,34,Vieux Farka Touré,2,2,0
34,34,Vieux Farka Touré et Khruangbin,2,2,0
34,35,All Them Witches,2,2,0
34,39,MAITA,2,2,0
34,41,Jeremy Dutcher,1,1,0
34,41,The Halluci Nation,1,1,0
34,43,Tinariwen,1,1,0
34,44,Nabihah Iqbal,1,1,0
34,46,Spirit Award,1,1,0
34,47,Black Belt Eagle Scout,3,3,0
34,49,Youth Lagoon,1,1,0
34,50,The Budos Band,14,14,0
34,51,The Mountain Goats,6,6,0
35,1,TEKE::TEKE,1,0,1
35,4,Ibibio Sound Machine,3,0,3
35,5,Julia Jacklin,7,0,7
35,6,Bandalos Chinos,2,0,2
35,7,King Gizzard & the Lizard Wizard,2,0,2
35,8,Amyl and The Sniffers,4,0,4
35,11,Spellling,5,0,5
35,12,Xenia Rubinos,2,0,2
35,13,Khruangbin,13,0,13
35,13,Say She She,4,0,4
35,14,beabadoobee,3,0,3
35,17,Danielle Ponder,1,0,1
35,19,Luna,1,0,1
35,22,Sofi Tukker,6,0,6
35,23,Clinton Fearon,6,0,6
35,24,Viagra Boys,1,0,1
35,25,Mabe Fratti,1,0,1
35,27,Superchunk,1,0,1
35,29,Los Mirlos,1,0,1
35,30,Caroline Polachek,2,0,2
35,34,Digable Planets,8,0,8
35,34,High Pulp,1,0,1
35,34,High Pulp feat. Daedelus,1,0,1
35,34,Kassa Overall,3,0,3
35,34,Vieux Farka Touré,1,0,1
35,35,All Them Witches,4,4,0
35,37,Deerhoof,1,1,0
35,39,MAITA,2,2,0
35,41,Jeremy Dutcher,1,1,0
35,41,The Halluci Nation,3,3,0
35,41,"The Halluci Nation feat. Romeo Saganash, Black Bear",1,1,0
35,44,Nabihah Iqbal,1,1,0
35,46,Spirit Award,8,8,0
35,47,Black Belt Eagle Scout,8,8,0
35,50,The Budos Band,18,18,0
35,51,The Mountain Goats,7,7,0
36,1,TEKE::TEKE,1,0,1
36,4,Ibibio Sound Machine,8,0,8
36,5,Julia Jacklin,5,0,5
36,6,Bandalos Chinos,1,0,1
36,8,Amyl and The Sniffers,6,0,6
36,8,Deathwish,1,0,1
36,10,Preoccupations,2,0,2
36,11,Spellling,1,0,1
36,12,Xenia Rubinos,1,0,1
36,12,tUnE-yArDs,8,0,8
36,13,Khruangbin,9,0,9
36,13,Say She She,7,0,7
36,14,beabadoobee,2,0,2
36,18,Hibou,1,0,1
36,23,Clinton Fearon,6,0,6
36,24,Viagra Boys,1,0,1
36,25,Mabe Fratti,2,0,2
36,27,Superchunk,1,0,1
36,30,Caroline Polachek,3,0,3
36,34,Digable Planets,7,0,7
36,34,High Pulp,1,0,1
36,34,High Pulp feat. Daedelus,1,0,1
36,34,Kassa Overall,3,0,3
36,35,All Them Witches,1,0,1
36,37,Deerhoof,2,2,0
36,39,MAITA,4,4,0
36,43,Tinariwen,2,2,0
36,44,Nabihah Iqbal,3,3,0
36,46,Spirit Award,1,1,0
36,47,Black Belt Eagle Scout,5,5,0
36,49,Youth Lagoon,1,1,0
36,50,The Budos Band,16,16,0
36,51,The Mountain Goats,5,5,0
37,1,TEKE::TEKE,1,0,1
37,3,Hania Rani,1,0,1
37,4,Ibibio Sound Machine,7,0,7
37,5,Julia Jacklin,3,0,3
37,7,King Gizzard & the Lizard Wizard,1,0,1
37,8,Amyl and The Sniffers,6,0,6
37,10,Preoccupations,3,0,3
37,11,Spellling,3,0,3
37,12,Xenia Rubinos,5,0,5
37,12,tUnE-yArDs,1,0,1
37,13,Khruangbin,3,0,3
37,13,Say She She,10,0,10
37,14,beabadoobee,8,0,8
37,22,Sofi Tukker,1,0,1
37,23,Clinton Fearon,2,0,2
37,26,KAINA,2,0,2
37,26,Sen Morimoto,2,0,2
37,29,Los Mirlos,2,0,2
37,30,Caroline Polachek,3,0,3
37,31,Rose City Band,3,0,3
37,34,Digable Planets,2,0,2
37,34,Vieux Farka Touré et Khruangbin,1,0,1
37,35,All Them Witches,2,0,2
37,37,Deerhoof,4,4,0
37,39,MAITA,1,1,0
37,39,NONBINARY GIRLFRIEND,1,1,0
37,44,Nabihah Iqbal,1,1,0
37,46,Spirit Award,1,1,0
37,47,Black Belt Eagle Scout,2,2,0
37,50,The Budos Band,16,16,0
37,51,The Mountain Goats,7,7,0
38,3,Hania Rani,1,0,1
38,4,Ibibio Sound Machine,1,0,1
38,5,Julia Jacklin,3,0,3
38,6,Bandalos Chinos,8,0,8
38,7,King Gizzard & the Lizard Wizard,1,0,1
38,8,Amyl and The Sniffers,9,0,9
38,10,Preoccupations,1,0,1
38,11,Spellling,2,0,2
38,12,Xenia Rubinos,1,0,1
38,13,Khruangbin,6,0,6
38,13,Say She She,7,0,7
38,14,beabadoobee,2,0,2
38,17,Danielle Ponder,2,0,2
38,19,Luna,4,0,4
38,23,Clinton Fearon,5,0,5
38,24,Viagra Boys,1,0,1
38,25,Mabe Fratti,1,0,1
38,26,KAINA,1,0,1
38,26,Sen Morimoto,2,0,2
38,27,Superchunk,2,0,2
38,29,Los Mirlos,1,0,1
38,30,Caroline Polachek,3,0,3
38,32,Party Dozen,1,0,1
38,34,Digable Planets,5,0,5
38,34,Kassa Overall,3,0,3
38,37,Deerhoof,2,0,2
38,38,Aynur,5,5,0
38,40,The Album Leaf,1,1,0
38,41,The Halluci Nation,1,1,0
38,44,Nabihah Iqbal,1,1,0
38,46,Spirit Award,1,1,0
38,47,Black Belt Eagle Scout,2,2,0
38,49,Youth Lagoon,1,1,0
38,50,The Budos Band,9,9,0
38,51,The Mountain Goats,2,2,0
39,1,TEKE::TEKE,3,0,3
39,4,Ibibio Sound Machine,11,0,11
39,5,Julia Jacklin,5,0,5
39,7,King Gizzard & the Lizard Wizard,1,0,1
39,8,Amyl and The Sniffers,5,0,5
39,10,Preoccupations,2,0,2
39,11,Spellling,2,0,2
39,12,Xenia Rubinos,2,0,2
39,12,tUnE-yArDs,10,0,10
39,13,Khruangbin,6,0,6
39,13,Say She She,6,0,6
39,14,beabadoobee,1,0,1
39,17,Danielle Ponder,1,0,1
39,19,Luna,1,0,1
39,23,Clinton Fearon,4,0,4
39,24,Viagra Boys,1,0,1
39,26,KAINA,2,0,2
39,27,Superchunk,2,0,2
39,30,Caroline Polachek,2,0,2
39,31,Rose City Band,3,0,3
39,32,Party Dozen,1,0,1
39,33,Zeta,1,0,1
39,34,Digable Planets,3,0,3
39,34,High Pulp feat. Daedelus,1,0,1
39,37,Deerhoof,3,0,3
39,39,MAITA,8,8,0
39,39,NONBINARY GIRLFRIEND,4,4,0
39,41,The Halluci Nation,1,1,0
39,44,Nabihah Iqbal,1,1,0
39,47,Black Belt Eagle Scout,2,2,0
39,49,Youth Lagoon,1,1,0
39,50,The Budos Band,16,16,0
39,51,The Mountain Goats,5,5,0
40,4,Ibibio Sound Machine,1,0,1
40,5,Julia Jacklin,1,0,1
40,8,Amyl and The Sniffers,5,0,5
40,9,Otoboke Beaver,1,0,1
40,10,Preoccupations,1,0,1
40,12,Xenia Rubinos,2,0,2
40,12,tUnE-yArDs,10,0,10
40,13,Khruangbin,4,0,4
40,13,Say She She,26,0,26
40,14,beabadoobee,2,0,2
40,17,Danielle Ponder,4,0,4
40,19,Luna,1,0,1
40,22,Sofi Tukker,2,0,2
40,23,Clinton Fearon,2,0,2
40,24,Viagra Boys,3,0,3
40,27,Superchunk,1,0,1
40,29,Los Mirlos,2,0,2
40,30,Caroline Polachek,3,0,3
40,31,Rose City Band,2,0,2
40,34,Digable Planets,11,0,11
40,34,Kassa Overall,2,0,2
40,40,The Album Leaf,4,4,0
40,41,Jeremy Dutcher,2,2,0
40,46,Spirit Award,1,1,0
40,47,Black Belt Eagle Scout,2,2,0
40,48,47SOUL,1,1,0
40,49,Youth Lagoon,1,1,0
40,50,The Budos Band,14,14,0
40,51,The Mountain Goats,9,9,0
41,3,Hania Rani,1,0,1
41,4,Ibibio Sound Machine,3,0,3
41,5,Julia Jacklin,2,0,2
41,8,Amyl and The Sniffers,7,0,7
41,9,Otoboke Beaver,1,0,1
41,12,Xenia Rubinos,4,0,4
41,12,tUnE-yArDs,3,0,3
41,13,Khruangbin,5,0,5
41,13,Say She She,18,0,18
41,14,beabadoobee,2,0,2
41,17,Danielle Ponder,1,0,1
41,19,Luna,1,0,1
41,21,Pierre Kwenders,1,0,1
41,23,Clinton Fearon,2,0,2
41,26,Sen Morimoto,1,0,1
41,27,Superchunk,2,0,2
41,29,Los Mirlos,1,0,1
41,30,Caroline Polachek,3,0,3
41,31,Rose City Band,1,0,1
41,32,Party Dozen,1,0,1
41,34,Digable Planets,11,0,11
41,35,All Them Witches,2,0,2
41,37,Deerhoof,1,0,1
41,38,Aynur,1,0,1
41,39,MAITA,1,0,1
41,41,Jeremy Dutcher,9,9,0
41,41,The Halluci Nation,15,15,0
41,41,"The Halluci Nation feat. Romeo Saganash, Black Bear",1,1,0
41,43,Tinariwen,2,2,0
41,47,Black Belt Eagle Scout,13,13,0
41,50,The Budos Band,5,5,0
41,51,The Mountain Goats,2,2,0
42,1,TEKE::TEKE,2,0,2
42,2,Ethel Cain,1,0,1
42,3,Hania Rani,3,0,3
42,4,Ibibio Sound Machine,5,0,5
42,5,Julia Jacklin,3,0,3
42,8,Amyl and The Sniffers,4,0,4
42,9,Otoboke Beaver,1,0,1
42,11,Spellling,1,0,1
42,12,Xenia Rubinos,12,0,12
42,12,tUnE-yArDs,3,0,3
42,13,Khruangbin,6,0,6
42,13,Say She She,7,0,7
42,14,beabadoobee,1,0,1
42,17,Danielle Ponder,1,0,1
42,22,Sofi Tukker,1,0,1
42,23,Clinton Fearon,1,0,1
42,25,Mabe Fratti,1,0,1
42,26,KAINA,1,0,1
42,26,Sen Morimoto,1,0,1
42,27,Superchunk,2,0,2
42,29,Los Mirlos,1,0,1
42,30,Caroline Polachek,5,0,5
42,31,Rose City Band,1,0,1
42,34,Digable Planets,25,0,25
42,34,Kassa Overall,1,0,1
42,35,All Them Witches,1,0,1
42,37,Deerhoof,3,0,3
42,40,The Album Leaf,1,0,1
42,41,Jeremy Dutcher,3,0,3
42,42,JoyCut,5,5,0
42,44,Nabihah Iqbal,7,7,0
42,47,Black Belt Eagle Scout,4,4,0
42,50,The Budos Band,11,11,0
42,51,The Mountain Goats,3,3,0
43,3,Hania Rani,1,0,1
43,4,Ibibio Sound Machine,4,0,4
43,5,Julia Jacklin,2,0,2
43,7,King Gizzard & the Lizard Wizard,2,0,2
43,8,Amyl and The Sniffers,3,0,3
43,10,Preoccupations,6,0,6
43,11,Spellling,5,0,5
43,12,Xenia Rubinos,5,0,5
43,12,tUnE-yArDs,4,0,4
43,13,Khruangbin,2,0,2
43,13,Say She She,17,0,17
43,14,beabadoobee,5,0,5
43,17,Danielle Ponder,4,0,4
43,19,Luna,1,0,1
43,23,Clinton Fearon,7,0,7
43,24,Viagra Boys,1,0,1
43,26,KAINA,1,0,1
43,26,Sen Morimoto,3,0,3
43,30,Caroline Polachek,12,0,12
43,34,Digable Planets,4,0,4
43,34,Kassa Overall,5,0,5
43,35,All Them Witches,2,0,2
43,37,Deerhoof,2,0,2
43,39,MAITA,1,0,1
43,40,The Album Leaf,1,0,1
43,42,JoyCut,1,0,1
43,43,Tinariwen,6,6,0
43,44,Nabihah Iqbal,2,2,0
43,46,Spirit Award,5,5,0
43,47,Black Belt Eagle Scout,3,3,0
43,50,The Budos Band,18,18,0
43,51,The Mountain Goats,3,3,0
44,1,TEKE::TEKE,4,0,4
44,3,Hania Rani,1,0,1
44,4,Ibibio Sound Machine,5,0,5
44,5,Julia Jacklin,1,0,1
44,8,Amyl and The Sniffers,4,0,4
44,12,Xenia Rubinos,8,0,8
44,12,tUnE-yArDs,5,0,5
44,13,Khruangbin,2,0,2
44,13,Say She She,9,0,9
44,14,beabadoobee,1,0,1
44,17,Danielle Ponder,1,0,1
44,19,Luna,1,0,1
44,22,Sofi Tukker,2,0,2
44,23,Clinton Fearon,4,0,4
44,24,Viagra Boys,3,0,3
44,26,KAINA,2,0,2
44,26,Sen Morimoto,1,0,1
44,27,Superchunk,2,0,2
44,29,Los Mirlos,2,0,2
44,30,Caroline Polachek,3,0,3
44,34,Digable Planets,6,0,6
44,34,Kassa Overall,2,0,2
44,37,Deerhoof,3,0,3
44,39,MAITA,2,0,2
44,43,Tinariwen,1,0,1
44,44,Nabihah Iqbal,9,9,0
44,46,Spirit Award,4,4,0
44,47,Black Belt Eagle Scout,4,4,0
44,48,47SOUL,1,1,0
44,49,Youth Lagoon,2,2,0
44,50,The Budos Band,9,9,0
44,51,The Mountain Goats,4,4,0
45,4,Ibibio Sound Machine,3,0,3
45,8,Amyl and The Sniffers,1,0,1
45,10,Preoccupations,1,0,1
45,12,Xenia Rubinos,11,0,11
45,12,tUnE-yArDs,2,0,2
45,13,Khruangbin,10,0,10
45,13,Say She She,11,0,11
45,14,beabadoobee,2,0,2
45,17,Danielle Ponder,3,0,3
45,19,Luna,2,0,2
45,22,Sofi Tukker,1,0,1
45,23,Clinton Fearon,8,0,8
45,24,Viagra Boys,3,0,3
45,25,Mabe Fratti,3,0,3
45,26,Sen Morimoto,2,0,2
45,27,Superchunk,1,0,1
45,30,Caroline Polachek,4,0,4
45,34,Digable Planets,9,0,9
45,34,Kassa Overall,1,0,1
45,37,Deerhoof,1,0,1
45,39,MAITA,1,0,1
45,41,Jeremy Dutcher,1,0,1
45,43,Tinariwen,1,0,1
45,44,Nabihah Iqbal,3,0,3
45,45,Tamikrest,4,4,0
45,46,Spirit Award,2,2,0
45,47,Black Belt Eagle Scout,6,6,0
45,48,47SOUL,2,2,0
45,50,The Budos Band,4,4,0
45,51,The Mountain Goats,3,3,0
46,1,TEKE::TEKE,1,0,1
46,2,Ethel Cain,1,0,1
46,3,Hania Rani,1,0,1
46,4,Ibibio Sound Machine,4,0,4
46,8,Amyl and The Sniffers,2,0,2
46,11,Spellling,1,0,1
46,12,Xenia Rubinos,10,0,10
46,12,tUnE-yArDs,4,0,4
46,13,Khruangbin,7,0,7
46,13,Say She She,16,0,16
46,14,beabadoobee,3,0,3
46,19,Luna,1,0,1
46,23,Clinton Fearon,2,0,2
46,24,Viagra Boys,3,0,3
46,25,Mabe Fratti,1,0,1
46,26,KAINA,1,0,1
46,26,Sen Morimoto,3,0,3
46,30,Caroline Polachek,9,0,9
46,34,Digable Planets,5,0,5
46,34,Kassa Overall,3,0,3
46,34,Vieux Farka Touré et Khruangbin,1,0,1
46,37,Deerhoof,1,0,1
46,38,Aynur,1,0,1
46,39,MAITA,2,0,2
46,41,Jeremy Dutcher,2,0,2
46,44,Nabihah Iqbal,1,0,1
46,46,Spirit Award,9,9,0
46,47,Black Belt Eagle Scout,11,11,0
46,48,47SOUL,1,1,0
46,49,Youth Lagoon,1,1,0
46,50,The Budos Band,9,9,0
46,51,The Mountain Goats,4,4,0
47,1,TEKE::TEKE,2,0,2
47,3,Hania Rani,1,0,1
47,4,Ibibio Sound Machine,4,0,4
47,5,Julia Jacklin,2,0,2
47,7,King Gizzard & the Lizard Wizard,1,0,1
47,8,Amyl and The Sniffers,3,0,3
47,12,Xenia Rubinos,5,0,5
47,12,tUnE-yArDs,2,0,2
47,13,Khruangbin,3,0,3
47,13,Say She She,11,0,11
47,14,beabadoobee,8,0,8
47,17,Danielle Ponder,1,0,1
47,18,Hibou,2,0,2
47,22,Sofi Tukker,1,0,1
47,23,Clinton Fearon,11,0,11
47,24,Viagra Boys,3,0,3
47,26,KAINA,4,0,4
47,26,Sen Morimoto,1,0,1
47,27,Superchunk,4,0,4
47,30,Caroline Polachek,9,0,9
47,31,Rose City Band,1,0,1
47,34,Digable Planets,7,0,7
47,34,Kassa Overall,2,0,2
47,37,Deerhoof,2,0,2
47,39,MAITA,2,0,2
47,41,Jeremy Dutcher,1,0,1
47,41,The Halluci Nation,2,0,2
47,43,Tinariwen,1,0,1
47,44,Nabihah Iqbal,2,0,2
47,46,Spirit Award,4,0,4
47,47,Black Belt Eagle Scout,13,13,0
47,50,The Budos Band,8,8,0
47,51,The Mountain Goats,2,2,0
48,3,Hania Rani,2,0,2
48,4,Ibibio Sound Machine,8,0,8
48,5,Julia Jacklin,2,0,2
48,6,Bandalos Chinos,1,0,1
48,8,Amyl and The Sniffers,2,0,2
48,11,Spellling,2,0,2
48,12,Xenia Rubinos,6,0,6
48,12,tUnE-yArDs,4,0,4
48,13,Khruangbin,7,0,7
48,13,Say She She,14,0,14
48,14,beabadoobee,1,0,1
48,17,Danielle Ponder,1,0,1
48,18,Hibou,1,0,1
48,19,Luna,1,0,1
48,22,Sofi Tukker,2,0,2
48,23,Clinton Fearon,10,0,10
48,24,Viagra Boys,1,0,1
48,26,KAINA,2,0,2
48,27,Superchunk,4,0,4
48,30,Caroline Polachek,5,0,5
48,31,Rose City Band,1,0,1
48,34,Digable Planets,5,0,5
48,34,Kassa Overall,1,0,1
48,37,Deerhoof,2,0,2
48,39,MAITA,2,0,2
48,41,Jeremy Dutcher,1,0,1
48,44,Nabihah Iqbal,1,0,1
48,46,Spirit Award,4,0,4
48,47,Black Belt Eagle Scout,12,0,12
48,48,47SOUL,1,1,0
48,48,47Soul,3,3,0
48,50,The Budos Band,9,9,0
48,51,The Mountain Goats,4,4,0
49,1,TEKE::TEKE,1,0,1
49,2,Ethel Cain,1,0,1
49,4,Ibibio Sound Machine,6,0,6
49,5,Julia Jacklin,3,0,3
49,8,Amyl and The Sniffers,2,0,2
49,12,Xenia Rubinos,8,0,8
49,12,tUnE-yArDs,2,0,2
49,13,Khruangbin,12,0,12
49,13,Say She She,13,0,13
49,14,beabadoobee,2,0,2
49,17,Danielle Ponder,1,0,1
49,18,Hibou,8,0,8
49,19,Luna,1,0,1
49,22,Sofi Tukker,2,0,2
49,23,Clinton Fearon,6,0,6
49,24,Viagra Boys,4,0,4
49,25,Mabe Fratti,2,0,2
49,26,KAINA,4,0,4
49,27,Superchunk,2,0,2
49,30,Caroline Polachek,19,0,19
49,31,Rose City Band,2,0,2
49,34,Digable Planets,5,0,5
49,34,Kassa Overall,2,0,2
49,35,All Them Witches,1,0,1
49,37,Deerhoof,1,0,1
49,39,MAITA,1,0,1
49,41,The Halluci Nation,2,0,2
49,43,Tinariwen,2,0,2
49,44,Nabihah Iqbal,5,0,5
49,46,Spirit Award,5,0,5
49,47,Black Belt Eagle Scout,9,0,9
49,49,Youth Lagoon,5,5,0
49,50,The Budos Band,12,12,0
49,51,The Mountain Goats,1,1,0
50,1,TEKE::TEKE,2,0,2
50,2,Ethel Cain,2,0,2
50,3,Hania Rani,1,0,1
50,4,Ibibio Sound Machine,10,0,10
50,5,Julia Jacklin,2,0,2
50,7,King Gizzard & the Lizard Wizard,4,0,4
50,8,Amyl and The Sniffers,3,0,3
50,9,Otoboke Beaver,1,0,1
50,12,Xenia Rubinos,4,0,4
50,12,tUnE-yArDs,8,0,8
50,13,Khruangbin,8,0,8
50,13,Say She She,20,0,20
50,14,beabadoobee,6,0,6
50,17,Danielle Ponder,2,0,2
50,18,Hibou,5,0,5
50,20,Şatellites,1,0,1
50,22,Sofi Tukker,1,0,1
50,23,Clinton Fearon,6,0,6
50,24,Viagra Boys,3,0,3
50,26,KAINA,1,0,1
50,26,Sen Morimoto,1,0,1
50,27,Superchunk,2,0,2
50,30,Caroline Polachek,16,0,16
50,31,Rose City Band,4,0,4
50,34,Digable Planets,6,0,6
50,34,Kassa Overall,3,0,3
50,34,Vieux Farka Touré et Khruangbin,1,0,1
50,35,All Them Witches,1,0,1
50,37,Deerhoof,4,0,4
50,39,MAITA,2,0,2
50,39,NONBINARY GIRLFRIEND,1,0,1
50,41,Jeremy Dutcher,1,0,1
50,42,JoyCut,1,0,1
50,44,Nabihah Iqbal,2,0,2
50,46,Spirit Award,4,0,4
50,47,Black Belt Eagle Scout,9,0,9
50,49,Youth Lagoon,6,0,6
50,50,The Budos Band,14,14,0
50,51,The Mountain Goats,5,5,0
51,1,TEKE::TEKE,1,0,1
51,4,Ibibio Sound Machine,6,0,6
51,5,Julia Jacklin,3,0,3
51,8,Amyl and The Sniffers,1,0,1
51,11,Spellling,3,0,3
51,12,Xenia Rubinos,3,0,3
51,12,tUnE-yArDs,4,0,4
51,13,Khruangbin,18,0,18
51,13,Say She She,8,0,8
51,18,Hibou,6,0,6
51,19,Luna,2,0,2
51,22,Sofi Tukker,2,0,2
51,23,Clinton Fearon,5,0,5
51,26,KAINA,2,0,2
51,26,Sen Morimoto,3,0,3
51,27,Superchunk,4,0,4
51,30,Caroline Polachek,13,0,13
51,31,Rose City Band,1,0,1
51,34,Digable Planets,4,0,4
51,34,Kassa Overall,2,0,2
51,37,Deerhoof,1,0,1
51,41,Jeremy Dutcher,2,0,2
51,44,Nabihah Iqbal,2,0,2
51,46,Spirit Award,2,0,2
51,47,Black Belt Eagle Scout,9,0,9
51,50,The Budos Band,4,0,4
51,51,The Mountain Goats,8,8,0
52,1,TEKE::TEKE,1,0,1
52,2,Ethel Cain,1,0,1
52,3,Hania Rani,4,0,4
52,4,Ibibio Sound Machine,10,0,10
52,5,Julia Jacklin,2,0,2
52,7,King Gizzard & the Lizard Wizard,1,0,1
52,8,Amyl and The Sniffers,7,0,7
52,11,Spellling,2,0,2
52,12,Xenia Rubinos,2,0,2
52,12,tUnE-yArDs,3,0,3
52,13,Khruangbin,10,0,10
52,13,Say She She,10,0,10
52,14,beabadoobee,2,0,2
52,18,Hibou,7,0,7
52,21,Pierre Kwenders,1,0,1
52,23,Clinton Fearon,2,0,2
52,24,Viagra Boys,4,0,4
52,26,KAINA,3,0,3
52,26,Sen Morimoto,2,0,2
52,27,Superchunk,1,0,1
52,30,Caroline Polachek,16,0,16
52,31,Rose City Band,1,0,1
52,34,Digable Planets,6,0,6
52,34,Kassa Overall,4,0,4
52,34,Vieux Farka Touré et Khruangbin,1,0,1
52,39,MAITA,3,0,3
52,44,Nabihah Iqbal,6,0,6
52,46,Spirit Award,5,0,5
52,47,Black Belt Eagle Scout,7,0,7
52,50,The Budos Band,4,0,4
52,51,The Mountain Goats,1,0,1
53,1,TEKE::TEKE,1,0,1
53,8,Amyl and The Sniffers,1,0,1
53,12,Xenia Rubinos,1,0,1
53,13,Khruangbin,3,0,3
53,19,Luna,1,0,1
53,22,Sofi Tukker,1,0,1
53,23,Clinton Fearon,2,0,2
53,26,Sen Morimoto,1,0,1
53,30,Caroline Polachek,3,0,3
53,31,Rose City Band,1,0,1
53,34,Digable Planets,2,0,2
53,34,Kassa Overall,1,0,1
53,46,Spirit Award,2,0,2
53,47,Black Belt Eagle Scout,1,0,1
53,50,The Budos Band,4,0,4
53,51,The Mountain Goats,1,0,1
