PLAYLIST_ID,PLAY_TYPE,AIRDATE,ALBUM,ARTIST,SONG,SHOW_ID,PROGRAM_ID,PROGRAM_NAME,PROGRAM_TAGS,HOST_NAMES,TAGLINE,START_TIME,RELEASE_DATE
2996091,"trackplay","2022-01-29 11:09:52.000 -0800","\N","Mikey Murka","Ride the Rhythm",52745,7,"Positive Vibrations","Reggae,World","[""Kid Hops""]","","2022-01-29 09:00:27.000 -0800","\N"
2996090,"trackplay","2022-01-29 11:05:08.000 -0800","\N","Young Kulcha","Days are Grey",52745,7,"Positive Vibrations","Reggae,World","[""Kid Hops""]","","2022-01-29 09:00:27.000 -0800","\N"
2996088,"trackplay","2022-01-29 11:04:23.000 -0800","\N","Bobby Kalphat","Azar",52745,7,"Positive Vibrations","Reggae,World","[""Kid Hops""]","","2022-01-29 09:00:27.000 -0800","\N"
2996087,"trackplay","2022-01-29 10:58:28.000 -0800","\N","Beres Hammond","Mi Deyah Again",52745,7,"Positive Vibrations","Reggae,World","[""Kid Hops""]","","2022-01-29 09:00:27.000 -0800","\N"
2996086,"trackplay","2022-01-29 10:56:10.000 -0800","\N","Buju Banton","Things a Come Up",52745,7,"Positive Vibrations","Reggae,World","[""Kid Hops""]","","2022-01-29 09:00:27.000 -0800","\N"
2996085,"trackplay","2022-01-29 10:54:12.000 -0800","\N","Gappy Ranks","Stinkin' Rich",52745,7,"Positive Vibrations","Reggae,World","[""Kid Hops""]","","2022-01-29 09:00:27.000 -0800","\N"
2996084,"trackplay","2022-01-29 10:51:11.000 -0800","\N","Koffee","The Harder They Fall",52745,7,"Positive Vibrations","Reggae,World","[""Kid Hops""]","","2022-01-29 09:00:27.000 -0800","\N"
2996083,"trackplay","2022-01-29 10:49:07.000 -0800","\N","Garnet Silk","Marley Medley",52745,7,"Positive Vibrations","Reggae,World","[""Kid Hops""]","","2022-01-29 09:00:27.000 -0800","\N"
2996081,"trackplay","2022-01-29 10:44:42.000 -0800","\N","Freddie McGregor","Bobby Bobylon",52745,7,"Positive Vibrations","Reggae,World","[""Kid Hops""]","","2022-01-29 09:00:27.000 -0800","\N"
2996080,"trackplay","2022-01-29 10:44:21.000 -0800","\N","Al Campbell","You're the One",52745,7,"Positive Vibrations","Reggae,World","[""Kid Hops""]","","2022-01-29 09:00:27.000 -0800","\N"
2996079,"trackplay","2022-01-29 10:43:39.000 -0800","\N","Tommy McCook","Beirut Version",52745,7,"Positive Vibrations","Reggae,World","[""Kid Hops""]","","2022-01-29 09:00:27.000 -0800","\N"
2996077,"trackplay","2022-01-29 10:35:47.000 -0800","\N","Bitty McLean","Baby Tonight remix",52745,7,"Positive Vibrations","Reggae,World","[""Kid Hops""]","","2022-01-29 09:00:27.000 -0800","\N"
2996076,"trackplay","2022-01-29 10:33:58.000 -0800","\N","Aleighcia Scott","Forever in Love",52745,7,"Positive Vibrations","Reggae,World","[""Kid Hops""]","","2022-01-29 09:00:27.000 -0800","\N"
2996075,"trackplay","2022-01-29 10:30:22.000 -0800","\N","Peter Spence","The Border",52745,7,"Positive Vibrations","Reggae,World","[""Kid Hops""]","","2022-01-29 09:00:27.000 -0800","\N"
2996074,"trackplay","2022-01-29 10:27:45.000 -0800","\N","Gregory Isaacs","The Border",52745,7,"Positive Vibrations","Reggae,World","[""Kid Hops""]","","2022-01-29 09:00:27.000 -0800","\N"
2996073,"trackplay","2022-01-29 10:25:21.000 -0800","\N","Wailing Souls & Alborosie","Shark Attack",52745,7,"Positive Vibrations","Reggae,World","[""Kid Hops""]","","2022-01-29 09:00:27.000 -0800","\N"
2996072,"trackplay","2022-01-29 10:25:06.000 -0800","\N","Alborosie","Shark Attack Dub",52745,7,"Positive Vibrations","Reggae,World","[""Kid Hops""]","","2022-01-29 09:00:27.000 -0800","\N"
2996070,"trackplay","2022-01-29 10:18:21.000 -0800","\N","Perfect Giddimani","Nigerian Girl",52745,7,"Positive Vibrations","Reggae,World","[""Kid Hops""]","","2022-01-29 09:00:27.000 -0800","\N"
2996069,"trackplay","2022-01-29 10:14:31.000 -0800","\N","Bob Marley & The Wailers","Misty Morning",52745,7,"Positive Vibrations","Reggae,World","[""Kid Hops""]","","2022-01-29 09:00:27.000 -0800","\N"
2996068,"trackplay","2022-01-29 10:11:23.000 -0800","History Say","Clinton Fearon","Why Worry",52745,7,"Positive Vibrations","Reggae,World","[""Kid Hops""]","","2022-01-29 09:00:27.000 -0800","\N"
2996067,"trackplay","2022-01-29 10:07:17.000 -0800","\N","Biblical","Praise the All Mighty",52745,7,"Positive Vibrations","Reggae,World","[""Kid Hops""]","","2022-01-29 09:00:27.000 -0800","\N"
2996066,"trackplay","2022-01-29 10:04:42.000 -0800","\N","Hugh Mundell","Book of Life",52745,7,"Positive Vibrations","Reggae,World","[""Kid Hops""]","","2022-01-29 09:00:27.000 -0800","\N"
2996065,"trackplay","2022-01-29 10:03:21.000 -0800","\N","Jacob Miller","Keep On Knocking",52745,7,"Positive Vibrations","Reggae,World","[""Kid Hops""]","","2022-01-29 09:00:27.000 -0800","\N"
2996064,"trackplay","2022-01-29 10:03:08.000 -0800","\N","Augustus Pablo","Knocking Version",52745,7,"Positive Vibrations","Reggae,World","[""Kid Hops""]","","2022-01-29 09:00:27.000 -0800","\N"
2996063,"trackplay","2022-01-29 09:59:33.000 -0800","\N","John Holt","It's a Jam in the Streets",52745,7,"Positive Vibrations","Reggae,World","[""Kid Hops""]","","2022-01-29 09:00:27.000 -0800","\N"
2996061,"trackplay","2022-01-29 09:52:05.000 -0800","\N","Max Romeo","Melt Away",52745,7,"Positive Vibrations","Reggae,World","[""Kid Hops""]","","2022-01-29 09:00:27.000 -0800","\N"
2996060,"trackplay","2022-01-29 09:49:25.000 -0800","\N","Lloyd Parks","Slaving (Steppers cut)",52745,7,"Positive Vibrations","Reggae,World","[""Kid Hops""]","","2022-01-29 09:00:27.000 -0800","\N"
2996059,"trackplay","2022-01-29 09:45:49.000 -0800","\N","Winston Jarrett","True Born African",52745,7,"Positive Vibrations","Reggae,World","[""Kid Hops""]","","2022-01-29 09:00:27.000 -0800","\N"
2996057,"trackplay","2022-01-29 09:41:30.000 -0800","\N","Horace Andy","Night Owl",52745,7,"Positive Vibrations","Reggae,World","[""Kid Hops""]","","2022-01-29 09:00:27.000 -0800","\N"
2996056,"trackplay","2022-01-29 09:39:32.000 -0800","\N","The Bassies","Things a Come Up to Bump",52745,7,"Positive Vibrations","Reggae,World","[""Kid Hops""]","","2022-01-29 09:00:27.000 -0800","\N"
2996055,"trackplay","2022-01-29 09:37:19.000 -0800","\N","Soul Vendors","Things a Come Up Version",52745,7,"Positive Vibrations","Reggae,World","[""Kid Hops""]","","2022-01-29 09:00:27.000 -0800","\N"
2996053,"trackplay","2022-01-29 09:34:58.000 -0800","\N","Dillinger","Take a Dip",52745,7,"Positive Vibrations","Reggae,World","[""Kid Hops""]","","2022-01-29 09:00:27.000 -0800","\N"
2996052,"trackplay","2022-01-29 09:32:58.000 -0800","\N","Gregory Isaacs","Slavemaster",52745,7,"Positive Vibrations","Reggae,World","[""Kid Hops""]","","2022-01-29 09:00:27.000 -0800","\N"
2996051,"trackplay","2022-01-29 09:29:54.000 -0800","\N","Dennis Brown","Slave Driver",52745,7,"Positive Vibrations","Reggae,World","[""Kid Hops""]","","2022-01-29 09:00:27.000 -0800","\N"
2996049,"trackplay","2022-01-29 09:23:39.000 -0800","\N","Johnny Clarke","Warrior",52745,7,"Positive Vibrations","Reggae,World","[""Kid Hops""]","","2022-01-29 09:00:27.000 -0800","\N"
2996048,"trackplay","2022-01-29 09:22:38.000 -0800","Balance","Ras Tweed & Lone Ark Riddim Force","Balagaan",52745,7,"Positive Vibrations","Reggae,World","[""Kid Hops""]","","2022-01-29 09:00:27.000 -0800","\N"
2996047,"trackplay","2022-01-29 09:10:10.000 -0800","\N","The New Establishment","Never Give Version",52745,7,"Positive Vibrations","Reggae,World","[""Kid Hops""]","","2022-01-29 09:00:27.000 -0800","\N"
2996046,"trackplay","2022-01-29 09:07:45.000 -0800","\N","Burning Spear","Door Peeper",52745,7,"Positive Vibrations","Reggae,World","[""Kid Hops""]","","2022-01-29 09:00:27.000 -0800","\N"
2996045,"trackplay","2022-01-29 09:03:53.000 -0800","\N","Al & Freddy","I Was Born a Free Man",52745,7,"Positive Vibrations","Reggae,World","[""Kid Hops""]","","2022-01-29 09:00:27.000 -0800","\N"
2996044,"trackplay","2022-01-29 09:00:20.000 -0800","\N","The Wailing Souls","Mr. Fire Coal Man",52745,7,"Positive Vibrations","Reggae,World","[""Kid Hops""]","","2022-01-29 09:00:27.000 -0800","\N"
2996042,"trackplay","2022-01-29 08:51:33.000 -0800","\N","Bait Bag feature","Bait Bag feature",52744,25,"Sound & Vision","KEXP","[""Emily Fox""]","https://www.kexp.org/podcasts/sound-vision/","2022-01-29 07:30:51.000 -0800","\N"
2996041,"trackplay","2022-01-29 08:36:49.000 -0800","\N","Robbie Hill","Robbie Hill",52744,25,"Sound & Vision","KEXP","[""Emily Fox""]","https://www.kexp.org/podcasts/sound-vision/","2022-01-29 07:30:51.000 -0800","\N"
2996040,"trackplay","2022-01-29 08:21:03.000 -0800","\N","Apparently: Middle Kids","Apparently: Middle Kids",52744,25,"Sound & Vision","KEXP","[""Emily Fox""]","https://www.kexp.org/podcasts/sound-vision/","2022-01-29 07:30:51.000 -0800","\N"
2996039,"trackplay","2022-01-29 08:05:33.000 -0800","\N","In Our Headphones","In Our Headphones",52744,25,"Sound & Vision","KEXP","[""Emily Fox""]","https://www.kexp.org/podcasts/sound-vision/","2022-01-29 07:30:51.000 -0800","\N"
2996038,"trackplay","2022-01-29 07:51:05.000 -0800","\N","Altin Gun","Altin Gun",52744,25,"Sound & Vision","KEXP","[""Emily Fox""]","https://www.kexp.org/podcasts/sound-vision/","2022-01-29 07:30:51.000 -0800","\N"
2996037,"trackplay","2022-01-29 07:39:52.000 -0800","\N","Wilco’s Sky Blue Sky","Wilco’s Sky Blue Sky",52744,25,"Sound & Vision","KEXP","[""Emily Fox""]","https://www.kexp.org/podcasts/sound-vision/","2022-01-29 07:30:51.000 -0800","\N"
2996036,"trackplay","2022-01-29 07:30:56.000 -0800","\N","Spotify Drops Neil Young","Spotify Drops Neil Young",52744,25,"Sound & Vision","KEXP","[""Emily Fox""]","https://www.kexp.org/podcasts/sound-vision/","2022-01-29 07:30:51.000 -0800","\N"
2996035,"trackplay","2022-01-29 07:27:13.000 -0800","Texis","Sleigh Bells","True Seekers",52743,36,"Live on KEXP","Live,Eclectic,Variety Mix","[""Troy Nelson""]","Sleigh Bells https://www.kexp.org/podcasts/live-on-kexp/2022/1/25/sleigh-bells/","2022-01-29 07:01:24.000 -0800","2021-09-10"
2996034,"trackplay","2022-01-29 07:23:25.000 -0800","Treats","Sleigh Bells","Crown on the Ground",52743,36,"Live on KEXP","Live,Eclectic,Variety Mix","[""Troy Nelson""]","Sleigh Bells https://www.kexp.org/podcasts/live-on-kexp/2022/1/25/sleigh-bells/","2022-01-29 07:01:24.000 -0800","2010-06-01"
2996032,"trackplay","2022-01-29 07:19:06.000 -0800","Live on KEXP","Sleigh Bells","And Saints",52743,36,"Live on KEXP","Live,Eclectic,Variety Mix","[""Troy Nelson""]","Sleigh Bells https://www.kexp.org/podcasts/live-on-kexp/2022/1/25/sleigh-bells/","2022-01-29 07:01:24.000 -0800","2021-10-27"
2996031,"trackplay","2022-01-29 07:15:18.000 -0800","Live on KEXP","Sleigh Bells","I'm Not Down",52743,36,"Live on KEXP","Live,Eclectic,Variety Mix","[""Troy Nelson""]","Sleigh Bells https://www.kexp.org/podcasts/live-on-kexp/2022/1/25/sleigh-bells/","2022-01-29 07:01:24.000 -0800","2021-10-27"
2996030,"trackplay","2022-01-29 07:11:46.000 -0800","Live on KEXP","Sleigh Bells","Sweet 75",52743,36,"Live on KEXP","Live,Eclectic,Variety Mix","[""Troy Nelson""]","Sleigh Bells https://www.kexp.org/podcasts/live-on-kexp/2022/1/25/sleigh-bells/","2022-01-29 07:01:24.000 -0800","2021-10-27"
2996028,"trackplay","2022-01-29 06:56:52.000 -0800","Signals","Seacastle","Foreign Correspondents",52742,26,"90.TEEN","Rock,Eclectic,Variety Mix","[""Youth DJ""]","DJ Nancy
https://www.kexp.org/shows/90teen/","2022-01-29 06:00:35.000 -0800","\N"
2996027,"trackplay","2022-01-29 06:53:49.000 -0800","Summer House","Gold Motel","Don't Send the Searchlights",52742,26,"90.TEEN","Rock,Eclectic,Variety Mix","[""Youth DJ""]","DJ Nancy
https://www.kexp.org/shows/90teen/","2022-01-29 06:00:35.000 -0800","2010-11-30"
2996025,"trackplay","2022-01-29 06:50:15.000 -0800","Public Storage","Hana Vu","Everybody’s Birthday",52742,26,"90.TEEN","Rock,Eclectic,Variety Mix","[""Youth DJ""]","DJ Nancy
https://www.kexp.org/shows/90teen/","2022-01-29 06:00:35.000 -0800","2021-11-05"
2996024,"trackplay","2022-01-29 06:46:39.000 -0800","Single Rider","Jenn Champion","Coming for You",52742,26,"90.TEEN","Rock,Eclectic,Variety Mix","[""Youth DJ""]","DJ Nancy
https://www.kexp.org/shows/90teen/","2022-01-29 06:00:35.000 -0800","2018-07-13"
2996023,"trackplay","2022-01-29 06:42:02.000 -0800","Any Shape You Take","Indigo De Souza","Bad Dream",52742,26,"90.TEEN","Rock,Eclectic,Variety Mix","[""Youth DJ""]","DJ Nancy
https://www.kexp.org/shows/90teen/","2022-01-29 06:00:35.000 -0800","2021-08-27"
2996022,"trackplay","2022-01-29 06:38:58.000 -0800","The World You Want to See","Glacier Veins","Circles",52742,26,"90.TEEN","Rock,Eclectic,Variety Mix","[""Youth DJ""]","DJ Nancy
https://www.kexp.org/shows/90teen/","2022-01-29 06:00:35.000 -0800","2020-02-28"
2996020,"trackplay","2022-01-29 06:34:34.000 -0800","Wild Loneliness","Superchunk","This Night",52742,26,"90.TEEN","Rock,Eclectic,Variety Mix","[""Youth DJ""]","DJ Nancy
https://www.kexp.org/shows/90teen/","2022-01-29 06:00:35.000 -0800","2022-02-25"
2996019,"trackplay","2022-01-29 06:31:26.000 -0800","After Dinner We Talk Dreams","MICHELLE","MESS U MADE",52742,26,"90.TEEN","Rock,Eclectic,Variety Mix","[""Youth DJ""]","DJ Nancy
https://www.kexp.org/shows/90teen/","2022-01-29 06:00:35.000 -0800","2022-01-28"
2996018,"trackplay","2022-01-29 06:27:29.000 -0800","Leave the Light On","Pillow Queens","Be By Your Side",52742,26,"90.TEEN","Rock,Eclectic,Variety Mix","[""Youth DJ""]","DJ Nancy
https://www.kexp.org/shows/90teen/","2022-01-29 06:00:35.000 -0800","2022-04-01"
2996017,"trackplay","2022-01-29 06:24:10.000 -0800","Get There","bôa","Angry",52742,26,"90.TEEN","Rock,Eclectic,Variety Mix","[""Youth DJ""]","DJ Nancy
https://www.kexp.org/shows/90teen/","2022-01-29 06:00:35.000 -0800","2005-02-01"
2996015,"trackplay","2022-01-29 06:17:36.000 -0800","Is It Time to Eat the Rich Yet?","The F16s","Easy Bake Easy Wake",52742,26,"90.TEEN","Rock,Eclectic,Variety Mix","[""Youth DJ""]","DJ Nancy
https://www.kexp.org/shows/90teen/","2022-01-29 06:00:35.000 -0800","2021-10-22"
2996014,"trackplay","2022-01-29 06:14:06.000 -0800","Mythologies","Cheatahs","Freak Waves",52742,26,"90.TEEN","Rock,Eclectic,Variety Mix","[""Youth DJ""]","DJ Nancy
https://www.kexp.org/shows/90teen/","2022-01-29 06:00:35.000 -0800","2015-10-30"
2996013,"trackplay","2022-01-29 06:09:37.000 -0800","Wake Me Up","Foals","Wake Me Up",52742,26,"90.TEEN","Rock,Eclectic,Variety Mix","[""Youth DJ""]","DJ Nancy
https://www.kexp.org/shows/90teen/","2022-01-29 06:00:35.000 -0800","2021-11-04"
2996012,"trackplay","2022-01-29 06:06:34.000 -0800","Power","Seratones","Who Are You Now",52742,26,"90.TEEN","Rock,Eclectic,Variety Mix","[""Youth DJ""]","DJ Nancy
https://www.kexp.org/shows/90teen/","2022-01-29 06:00:35.000 -0800","2019-08-23"
2996010,"trackplay","2022-01-29 06:00:55.000 -0800","Different Class","Pulp","Disco 2000",52742,26,"90.TEEN","Rock,Eclectic,Variety Mix","[""Youth DJ""]","DJ Nancy
https://www.kexp.org/shows/90teen/","2022-01-29 06:00:35.000 -0800","1995-10-30"
2996009,"trackplay","2022-01-29 05:57:10.000 -0800","Harvest","Neil Young","Old Man",52741,18,"Variety Mix","Rock,Eclectic,Variety Mix","[""Greta Rose""]","hiiiiii taking requests from 2002! @gr3tarose","2022-01-29 03:02:06.000 -0800","2009-07-14"
2996008,"trackplay","2022-01-29 05:53:53.000 -0800","Court and Spark","Joni Mitchell","Help Me",52741,18,"Variety Mix","Rock,Eclectic,Variety Mix","[""Greta Rose""]","hiiiiii taking requests from 2002! @gr3tarose","2022-01-29 03:02:06.000 -0800","1983-08-01"
2996006,"trackplay","2022-01-29 05:43:38.000 -0800","Everybody Knows This Is Nowhere","Neil Young & Crazy Horse","Down by the River",52741,18,"Variety Mix","Rock,Eclectic,Variety Mix","[""Greta Rose""]","hiiiiii taking requests from 2002! @gr3tarose","2022-01-29 03:02:06.000 -0800","1987-08-04"
2996005,"trackplay","2022-01-29 05:38:39.000 -0800","Rust Never Sleeps","Neil Young & Crazy Horse","Hey Hey, My My (Into the Black)",52741,18,"Variety Mix","Rock,Eclectic,Variety Mix","[""Greta Rose""]","hiiiiii taking requests from 2002! @gr3tarose","2022-01-29 03:02:06.000 -0800","1988-02-11"
2996003,"trackplay","2022-01-29 05:31:31.000 -0800","I'm Just Fine","Bnny","I'm Just Fine",52741,18,"Variety Mix","Rock,Eclectic,Variety Mix","[""Greta Rose""]","hiiiiii taking requests from 2002! @gr3tarose","2022-01-29 03:02:06.000 -0800","2022-01-26"
2996002,"trackplay","2022-01-29 05:27:17.000 -0800","Pseudo Saint","Pseudo Saint","So Stupid",52741,18,"Variety Mix","Rock,Eclectic,Variety Mix","[""Greta Rose""]","hiiiiii taking requests from 2002! @gr3tarose","2022-01-29 03:02:06.000 -0800","2022-01-01"
2996001,"trackplay","2022-01-29 05:23:32.000 -0800","The Smoke","The Smile","The Smoke",52741,18,"Variety Mix","Rock,Eclectic,Variety Mix","[""Greta Rose""]","hiiiiii taking requests from 2002! @gr3tarose","2022-01-29 03:02:06.000 -0800","2022-01-27"
2996000,"trackplay","2022-01-29 05:20:03.000 -0800","Matador at Fifteen","Cat Power","Free",52741,18,"Variety Mix","Rock,Eclectic,Variety Mix","[""Greta Rose""]","hiiiiii taking requests from 2002! @gr3tarose","2022-01-29 03:02:06.000 -0800","2004-10-12"
2995999,"trackplay","2022-01-29 05:15:27.000 -0800","Radiate Like This","Warpaint","Champion",52741,18,"Variety Mix","Rock,Eclectic,Variety Mix","[""Greta Rose""]","hiiiiii taking requests from 2002! @gr3tarose","2022-01-29 03:02:06.000 -0800","2022-05-06"
2995997,"trackplay","2022-01-29 05:08:36.000 -0800","Unplugged","Neil Young","Harvest Moon",52741,18,"Variety Mix","Rock,Eclectic,Variety Mix","[""Greta Rose""]","hiiiiii taking requests from 2002! @gr3tarose","2022-01-29 03:02:06.000 -0800","1993-06-11"
2995996,"trackplay","2022-01-29 05:05:34.000 -0800","The Hissing of Summer Lawns","Joni Mitchell","Don’t Interrupt the Sorrow",52741,18,"Variety Mix","Rock,Eclectic,Variety Mix","[""Greta Rose""]","hiiiiii taking requests from 2002! @gr3tarose","2022-01-29 03:02:06.000 -0800","1975-11-01"
2995995,"trackplay","2022-01-29 05:00:03.000 -0800","About a Boy","Badly Drawn Boy","Silent Sigh",52741,18,"Variety Mix","Rock,Eclectic,Variety Mix","[""Greta Rose""]","hiiiiii taking requests from 2002! @gr3tarose","2022-01-29 03:02:06.000 -0800","2002-04-23"
2995994,"trackplay","2022-01-29 04:56:48.000 -0800","Ocean Child: Songs of Yoko Ono","Japanese Breakfast","No One Sees Me Like You Do",52741,18,"Variety Mix","Rock,Eclectic,Variety Mix","[""Greta Rose""]","hiiiiii taking requests from 2002! @gr3tarose","2022-01-29 03:02:06.000 -0800","2022-02-18"
2995992,"trackplay","2022-01-29 04:51:18.000 -0800","The Overload","Yard Act","The Overload",52741,18,"Variety Mix","Rock,Eclectic,Variety Mix","[""Greta Rose""]","hiiiiii taking requests from 2002! @gr3tarose","2022-01-29 03:02:06.000 -0800","2022-01-07"
2995991,"trackplay","2022-01-29 04:47:37.000 -0800","Fall Heads Roll","The Fall","Pacifying Joint",52741,18,"Variety Mix","Rock,Eclectic,Variety Mix","[""Greta Rose""]","hiiiiii taking requests from 2002! @gr3tarose","2022-01-29 03:02:06.000 -0800","2005-10-04"
2995990,"trackplay","2022-01-29 04:44:02.000 -0800","Archive Material","Silverbacks","Econymo",52741,18,"Variety Mix","Rock,Eclectic,Variety Mix","[""Greta Rose""]","hiiiiii taking requests from 2002! @gr3tarose","2022-01-29 03:02:06.000 -0800","2022-01-21"
2995989,"trackplay","2022-01-29 04:39:41.000 -0800","Turn On the Bright Lights","Interpol","Say Hello to the Angels",52741,18,"Variety Mix","Rock,Eclectic,Variety Mix","[""Greta Rose""]","hiiiiii taking requests from 2002! @gr3tarose","2022-01-29 03:02:06.000 -0800","2002-01-29"
2995988,"trackplay","2022-01-29 04:35:00.000 -0800","Painless","Nilüfer Yanya","Midnight Sun",52741,18,"Variety Mix","Rock,Eclectic,Variety Mix","[""Greta Rose""]","hiiiiii taking requests from 2002! @gr3tarose","2022-01-29 03:02:06.000 -0800","2022-03-04"
2995986,"trackplay","2022-01-29 04:28:31.000 -0800","Unknown Mortal Orchestra","Unknown Mortal Orchestra","FFunny FFrends",52741,18,"Variety Mix","Rock,Eclectic,Variety Mix","[""Greta Rose""]","hiiiiii taking requests from 2002! @gr3tarose","2022-01-29 03:02:06.000 -0800","2011-06-21"
2995985,"trackplay","2022-01-29 04:26:11.000 -0800","MAHAL","Toro y Moi","Postman",52741,18,"Variety Mix","Rock,Eclectic,Variety Mix","[""Greta Rose""]","hiiiiii taking requests from 2002! @gr3tarose","2022-01-29 03:02:06.000 -0800","2022-04-29"
2995984,"trackplay","2022-01-29 04:22:04.000 -0800","On Sight","Free Nationals feat. J.I.D, Kadhja Bonet & MIKNNA","On Sight",52741,18,"Variety Mix","Rock,Eclectic,Variety Mix","[""Greta Rose""]","hiiiiii taking requests from 2002! @gr3tarose","2022-01-29 03:02:06.000 -0800","2019-09-20"
2995983,"trackplay","2022-01-29 04:18:56.000 -0800","Red Balloon","Tank and the Bangas","No ID",52741,18,"Variety Mix","Rock,Eclectic,Variety Mix","[""Greta Rose""]","hiiiiii taking requests from 2002! @gr3tarose","2022-01-29 03:02:06.000 -0800","2022-05-13"
2995981,"trackplay","2022-01-29 04:13:33.000 -0800","WINK","CHAI feat. YMCK","PING PONG!",52741,18,"Variety Mix","Rock,Eclectic,Variety Mix","[""Greta Rose""]","hiiiiii taking requests from 2002! @gr3tarose","2022-01-29 03:02:06.000 -0800","2021-05-21"
2995980,"trackplay","2022-01-29 04:09:04.000 -0800","In Our Heads","Hot Chip","Night & Day",52741,18,"Variety Mix","Rock,Eclectic,Variety Mix","[""Greta Rose""]","hiiiiii taking requests from 2002! @gr3tarose","2022-01-29 03:02:06.000 -0800","2012-06-12"
2995979,"trackplay","2022-01-29 04:06:02.000 -0800","For Ever","Jungle","Heavy, California",52741,18,"Variety Mix","Rock,Eclectic,Variety Mix","[""Greta Rose""]","hiiiiii taking requests from 2002! @gr3tarose","2022-01-29 03:02:06.000 -0800","2018-09-14"
2995978,"trackplay","2022-01-29 04:02:16.000 -0800","TILT","Confidence Man","Feels Like A Different Thing",52741,18,"Variety Mix","Rock,Eclectic,Variety Mix","[""Greta Rose""]","hiiiiii taking requests from 2002! @gr3tarose","2022-01-29 03:02:06.000 -0800","2022-04-01"
2995976,"trackplay","2022-01-29 03:56:07.000 -0800","Few Good Things","Saba feat. G Herbo","Survivor’s Guilt",52741,18,"Variety Mix","Rock,Eclectic,Variety Mix","[""Greta Rose""]","hiiiiii taking requests from 2002! @gr3tarose","2022-01-29 03:02:06.000 -0800","2022-02-04"
2995975,"trackplay","2022-01-29 03:51:42.000 -0800","Phrenology","The Roots feat. Cody ChesnuTT","The Seed (2.0)",52741,18,"Variety Mix","Rock,Eclectic,Variety Mix","[""Greta Rose""]","hiiiiii taking requests from 2002! @gr3tarose","2022-01-29 03:02:06.000 -0800","2002-11-26"
2995974,"trackplay","2022-01-29 03:48:22.000 -0800","Planet of the Blues: Part One","Lilblackkids","Oct. 31st",52741,18,"Variety Mix","Rock,Eclectic,Variety Mix","[""Greta Rose""]","hiiiiii taking requests from 2002! @gr3tarose","2022-01-29 03:02:06.000 -0800","2022-01-14"
2995973,"trackplay","2022-01-29 03:44:15.000 -0800","Quality","Talib Kweli feat. Mos Def","Joy",52741,18,"Variety Mix","Rock,Eclectic,Variety Mix","[""Greta Rose""]","hiiiiii taking requests from 2002! @gr3tarose","2022-01-29 03:02:06.000 -0800","2002-11-18"
2995971,"trackplay","2022-01-29 03:37:20.000 -0800","Sea Change","Beck","Paper Tiger",52741,18,"Variety Mix","Rock,Eclectic,Variety Mix","[""Greta Rose""]","hiiiiii taking requests from 2002! @gr3tarose","2022-01-29 03:02:06.000 -0800","2002-01-29"
2995970,"trackplay","2022-01-29 03:33:33.000 -0800","Geogaddi","Boards of Canada","Dawn Chorus",52741,18,"Variety Mix","Rock,Eclectic,Variety Mix","[""Greta Rose""]","hiiiiii taking requests from 2002! @gr3tarose","2022-01-29 03:02:06.000 -0800","2002-02-18"
2995969,"trackplay","2022-01-29 03:26:49.000 -0800","The Private Press","DJ Shadow","You Can't Go Home Again",52741,18,"Variety Mix","Rock,Eclectic,Variety Mix","[""Greta Rose""]","hiiiiii taking requests from 2002! @gr3tarose","2022-01-29 03:02:06.000 -0800","2002-01-29"
2995968,"trackplay","2022-01-29 03:22:41.000 -0800","Light & Magic","Ladytron","Blue Jeans",52741,18,"Variety Mix","Rock,Eclectic,Variety Mix","[""Greta Rose""]","hiiiiii taking requests from 2002! @gr3tarose","2022-01-29 03:02:06.000 -0800","2002-09-17"
2995966,"trackplay","2022-01-29 03:12:25.000 -0800","Wake Up","Koffi Olomidé & Papa Wemba","Moussoukou-Soukou",52741,18,"Variety Mix","Rock,Eclectic,Variety Mix","[""Greta Rose""]","hiiiiii taking requests from 2002! @gr3tarose","2022-01-29 03:02:06.000 -0800","1996-01-01"
2995965,"trackplay","2022-01-29 03:08:24.000 -0800","José Louis And The Paradox Of Love","Pierre Kwenders","Papa Wemba",52741,18,"Variety Mix","Rock,Eclectic,Variety Mix","[""Greta Rose""]","hiiiiii taking requests from 2002! @gr3tarose","2022-01-29 03:02:06.000 -0800","2022-04-29"
2995965,"trackplay","2022-01-29 03:08:24.000 -0800","José Louis And The Paradox Of Love","Pierre Kwenders","Papa Wemba",52741,18,"Variety Mix","Rock,Eclectic,Variety Mix","[""Greta Rose""]","hiiiiii taking requests from 2002! @gr3tarose","2022-01-29 03:02:06.000 -0800","2022-04-29"
2995964,"trackplay","2022-01-29 03:04:19.000 -0800","Three Dimensions Deep","Amber Mark","Worth It",52741,18,"Variety Mix","Rock,Eclectic,Variety Mix","[""Greta Rose""]","hiiiiii taking requests from 2002! @gr3tarose","2022-01-29 03:02:06.000 -0800","2022-01-28"
2995963,"trackplay","2022-01-29 03:02:42.000 -0800","Man","Fiokee","I Cannot ft Yemi Alade",52740,35,"Overnight Afrobeats","Afrobeat","[""Lace Cadence""]","Fresh Afrobeats with @LaceCadence & @KokobakaPapi.","2022-01-29 01:00:36.000 -0800","2021-01-01"
2995962,"trackplay","2022-01-29 02:59:21.000 -0800","Fokus","LipsyBaby","Fokus",52740,35,"Overnight Afrobeats","Afrobeat","[""Lace Cadence""]","Fresh Afrobeats with @LaceCadence & @KokobakaPapi.","2022-01-29 01:00:36.000 -0800","2022-01-22"
2995961,"trackplay","2022-01-29 02:57:00.000 -0800","Abuso","Dotorato Pro","Abuso",52740,35,"Overnight Afrobeats","Afrobeat","[""Lace Cadence""]","Fresh Afrobeats with @LaceCadence & @KokobakaPapi.","2022-01-29 01:00:36.000 -0800","\N"
2995960,"trackplay","2022-01-29 02:54:55.000 -0800","Cram","Jaido P","Cram",52740,35,"Overnight Afrobeats","Afrobeat","[""Lace Cadence""]","Fresh Afrobeats with @LaceCadence & @KokobakaPapi.","2022-01-29 01:00:36.000 -0800","2021-11-17"
2995959,"trackplay","2022-01-29 02:52:05.000 -0800","Ona","Toofan","Ona",52740,35,"Overnight Afrobeats","Afrobeat","[""Lace Cadence""]","Fresh Afrobeats with @LaceCadence & @KokobakaPapi.","2022-01-29 01:00:36.000 -0800","2021-12-17"
2995958,"trackplay","2022-01-29 02:49:04.000 -0800","No Face No Case","A-Star, Azola Dlamini","No Face No Case",52740,35,"Overnight Afrobeats","Afrobeat","[""Lace Cadence""]","Fresh Afrobeats with @LaceCadence & @KokobakaPapi.","2022-01-29 01:00:36.000 -0800","2021-08-27"
2995957,"trackplay","2022-01-29 02:46:36.000 -0800","Southy Love","Peruzzi, Fireboy DML","Southy Love",52740,35,"Overnight Afrobeats","Afrobeat","[""Lace Cadence""]","Fresh Afrobeats with @LaceCadence & @KokobakaPapi.","2022-01-29 01:00:36.000 -0800","2020-12-05"
2995955,"trackplay","2022-01-29 02:42:31.000 -0800","Oga","Falz, Bontle Smith, Sayfar","Oga",52740,35,"Overnight Afrobeats","Afrobeat","[""Lace Cadence""]","Fresh Afrobeats with @LaceCadence & @KokobakaPapi.","2022-01-29 01:00:36.000 -0800","2021-11-19"
2995954,"trackplay","2022-01-29 02:40:42.000 -0800","Excuse Me (Rock You)","Crayon, Toby Shang","Excuse Me (Rock You)",52740,35,"Overnight Afrobeats","Afrobeat","[""Lace Cadence""]","Fresh Afrobeats with @LaceCadence & @KokobakaPapi.","2022-01-29 01:00:36.000 -0800","2021-12-03"
2995953,"trackplay","2022-01-29 02:38:32.000 -0800","MASTA GROOVE","Masterkraft, Sarkodie, Larry Gaaga","Shake Body",52740,35,"Overnight Afrobeats","Afrobeat","[""Lace Cadence""]","Fresh Afrobeats with @LaceCadence & @KokobakaPapi.","2022-01-29 01:00:36.000 -0800","2021-07-21"
2995952,"trackplay","2022-01-29 02:36:30.000 -0800","Baddest Boy (Remix)","Skiibii, Davido","Baddest Boy",52740,35,"Overnight Afrobeats","Afrobeat","[""Lace Cadence""]","Fresh Afrobeats with @LaceCadence & @KokobakaPapi.","2022-01-29 01:00:36.000 -0800","2022-01-21"
2995951,"trackplay","2022-01-29 02:34:10.000 -0800","Pempe","Yemi Alade, Seyi Shay","Pempe",52740,35,"Overnight Afrobeats","Afrobeat","[""Lace Cadence""]","Fresh Afrobeats with @LaceCadence & @KokobakaPapi.","2022-01-29 01:00:36.000 -0800","2021-05-11"
2995950,"trackplay","2022-01-29 02:31:43.000 -0800","Sounds of My World","Juls, Haile","Makossa Riddim",52740,35,"Overnight Afrobeats","Afrobeat","[""Lace Cadence""]","Fresh Afrobeats with @LaceCadence & @KokobakaPapi.","2022-01-29 01:00:36.000 -0800","2021-10-08"
2995949,"trackplay","2022-01-29 02:28:52.000 -0800","Meliza","DJ Flex","Meliza",52740,35,"Overnight Afrobeats","Afrobeat","[""Lace Cadence""]","Fresh Afrobeats with @LaceCadence & @KokobakaPapi.","2022-01-29 01:00:36.000 -0800","\N"
2995948,"trackplay","2022-01-29 02:26:30.000 -0800","Inside Me","Kwamz","Inside Me",52740,35,"Overnight Afrobeats","Afrobeat","[""Lace Cadence""]","Fresh Afrobeats with @LaceCadence & @KokobakaPapi.","2022-01-29 01:00:36.000 -0800","2022-01-22"
2995947,"trackplay","2022-01-29 02:23:56.000 -0800","Me Vs You 2","Ghetto Boy","Yesterday",52740,35,"Overnight Afrobeats","Afrobeat","[""Lace Cadence""]","Fresh Afrobeats with @LaceCadence & @KokobakaPapi.","2022-01-29 01:00:36.000 -0800","2020-11-06"
2995945,"trackplay","2022-01-29 02:18:32.000 -0800","Rosemary","Savage, Victony","Rosemary",52740,35,"Overnight Afrobeats","Afrobeat","[""Lace Cadence""]","Fresh Afrobeats with @LaceCadence & @KokobakaPapi.","2022-01-29 01:00:36.000 -0800","2021-09-23"
2995944,"trackplay","2022-01-29 02:16:32.000 -0800","Madina  To The Universe","M.anifest, Adekunle Gold","Game Over",52740,35,"Overnight Afrobeats","Afrobeat","[""Lace Cadence""]","Fresh Afrobeats with @LaceCadence & @KokobakaPapi.","2022-01-29 01:00:36.000 -0800","2021-11-18"
2995943,"trackplay","2022-01-29 02:14:31.000 -0800","Colours","Kid AlpHa","Colours",52740,35,"Overnight Afrobeats","Afrobeat","[""Lace Cadence""]","Fresh Afrobeats with @LaceCadence & @KokobakaPapi.","2022-01-29 01:00:36.000 -0800","2021-04-23"
2995942,"trackplay","2022-01-29 02:12:01.000 -0800","Diamond in the rough","Ceeza Milli, Wizkid","Shayo",52740,35,"Overnight Afrobeats","Afrobeat","[""Lace Cadence""]","Fresh Afrobeats with @LaceCadence & @KokobakaPapi.","2022-01-29 01:00:36.000 -0800","\N"
2995941,"trackplay","2022-01-29 02:09:23.000 -0800","Made in Lagos","Wizkid","Anoti",52740,35,"Overnight Afrobeats","Afrobeat","[""Lace Cadence""]","Fresh Afrobeats with @LaceCadence & @KokobakaPapi.","2022-01-29 01:00:36.000 -0800","2020-10-29"
2995940,"trackplay","2022-01-29 02:05:51.000 -0800","GOWON","Fije","OMO",52740,35,"Overnight Afrobeats","Afrobeat","[""Lace Cadence""]","Fresh Afrobeats with @LaceCadence & @KokobakaPapi.","2022-01-29 01:00:36.000 -0800","\N"
2995939,"trackplay","2022-01-29 02:02:47.000 -0800","CLOUD 9","SPINALL, Adekunle Gold","CLOUD 9",52740,35,"Overnight Afrobeats","Afrobeat","[""Lace Cadence""]","Fresh Afrobeats with @LaceCadence & @KokobakaPapi.","2022-01-29 01:00:36.000 -0800","2021-12-03"
2995937,"trackplay","2022-01-29 01:55:54.000 -0800","Gros bébé","Naza feat. Niska","Joli bébé",52740,35,"Overnight Afrobeats","Afrobeat","[""Lace Cadence""]","Fresh Afrobeats with @LaceCadence & @KokobakaPapi.","2022-01-29 01:00:36.000 -0800","2020-11-13"
2995936,"trackplay","2022-01-29 01:54:23.000 -0800","\N","Melvitto","Santorini Coffee",52740,35,"Overnight Afrobeats","Afrobeat","[""Lace Cadence""]","Fresh Afrobeats with @LaceCadence & @KokobakaPapi.","2022-01-29 01:00:36.000 -0800","\N"
2995935,"trackplay","2022-01-29 01:51:06.000 -0800","Chief","Kofi Olomide, Tiwa Savage","Chief",52740,35,"Overnight Afrobeats","Afrobeat","[""Lace Cadence""]","Fresh Afrobeats with @LaceCadence & @KokobakaPapi.","2022-01-29 01:00:36.000 -0800","2021-11-26"
2995934,"trackplay","2022-01-29 01:49:31.000 -0800","Whine","DJames, Alpha P","Whine",52740,35,"Overnight Afrobeats","Afrobeat","[""Lace Cadence""]","Fresh Afrobeats with @LaceCadence & @KokobakaPapi.","2022-01-29 01:00:36.000 -0800","2021-11-26"
2995933,"trackplay","2022-01-29 01:46:47.000 -0800","Sokoma","Blaq Jerzee, Marioo, Eddy Kenzo","Sokoma",52740,35,"Overnight Afrobeats","Afrobeat","[""Lace Cadence""]","Fresh Afrobeats with @LaceCadence & @KokobakaPapi.","2022-01-29 01:00:36.000 -0800","2021-04-30"
2995932,"trackplay","2022-01-29 01:43:26.000 -0800","19 & Dangerous","Ayra Starr, Ckay","Beggie Beggie",52740,35,"Overnight Afrobeats","Afrobeat","[""Lace Cadence""]","Fresh Afrobeats with @LaceCadence & @KokobakaPapi.","2022-01-29 01:00:36.000 -0800","2021-08-06"
2995931,"trackplay","2022-01-29 01:40:02.000 -0800","Back 2 Basics","R2Bees, Wizkid","Tinkerbell",52740,35,"Overnight Afrobeats","Afrobeat","[""Lace Cadence""]","Fresh Afrobeats with @LaceCadence & @KokobakaPapi.","2022-01-29 01:00:36.000 -0800","2021-11-25"
2995929,"trackplay","2022-01-29 01:34:35.000 -0800","Skata","Jess ETA","Skata",52740,35,"Overnight Afrobeats","Afrobeat","[""Lace Cadence""]","Fresh Afrobeats with @LaceCadence & @KokobakaPapi.","2022-01-29 01:00:36.000 -0800","2021-11-12"
2995928,"trackplay","2022-01-29 01:31:09.000 -0800","Mentor","DJ Flex","Mentor",52740,35,"Overnight Afrobeats","Afrobeat","[""Lace Cadence""]","Fresh Afrobeats with @LaceCadence & @KokobakaPapi.","2022-01-29 01:00:36.000 -0800","\N"
2995927,"trackplay","2022-01-29 01:29:00.000 -0800","High Tension 2.0","Dangbana Republik, Bella Shmurda","World",52740,35,"Overnight Afrobeats","Afrobeat","[""Lace Cadence""]","Fresh Afrobeats with @LaceCadence & @KokobakaPapi.","2022-01-29 01:00:36.000 -0800","2021-07-09"
2995926,"trackplay","2022-01-29 01:26:50.000 -0800","Medicine","Ceeza Milli","Medicine",52740,35,"Overnight Afrobeats","Afrobeat","[""Lace Cadence""]","Fresh Afrobeats with @LaceCadence & @KokobakaPapi.","2022-01-29 01:00:36.000 -0800","2021-10-21"
2995925,"trackplay","2022-01-29 01:24:27.000 -0800","rearrange","Ragz Originale, Prettyboy D-O","rearrange",52740,35,"Overnight Afrobeats","Afrobeat","[""Lace Cadence""]","Fresh Afrobeats with @LaceCadence & @KokobakaPapi.","2022-01-29 01:00:36.000 -0800","2021-10-02"
2995923,"trackplay","2022-01-29 01:19:28.000 -0800","My Bella","BenjiFlow, Oxlade","My Bella",52740,35,"Overnight Afrobeats","Afrobeat","[""Lace Cadence""]","Fresh Afrobeats with @LaceCadence & @KokobakaPapi.","2022-01-29 01:00:36.000 -0800","2021-10-06"
2995922,"trackplay","2022-01-29 01:17:23.000 -0800","All The Time","Tmaro, Femi Jaye","All The Time",52740,35,"Overnight Afrobeats","Afrobeat","[""Lace Cadence""]","Fresh Afrobeats with @LaceCadence & @KokobakaPapi.","2022-01-29 01:00:36.000 -0800","2021-12-17"
2995921,"trackplay","2022-01-29 01:14:16.000 -0800","Hopeless Romantic","Tomi Thomas","Hopeless Romantic",52740,35,"Overnight Afrobeats","Afrobeat","[""Lace Cadence""]","Fresh Afrobeats with @LaceCadence & @KokobakaPapi.","2022-01-29 01:00:36.000 -0800","2021-06-03"
2995920,"trackplay","2022-01-29 01:12:05.000 -0800","Money & Laughter","Amaarae, BOJ, Zamir","Money & Laughter",52740,35,"Overnight Afrobeats","Afrobeat","[""Lace Cadence""]","Fresh Afrobeats with @LaceCadence & @KokobakaPapi.","2022-01-29 01:00:36.000 -0800","2021-07-21"
2995919,"trackplay","2022-01-29 01:09:46.000 -0800","Sorry I’m Late","Buju","Something Sweet",52740,35,"Overnight Afrobeats","Afrobeat","[""Lace Cadence""]","Fresh Afrobeats with @LaceCadence & @KokobakaPapi.","2022-01-29 01:00:36.000 -0800","2021-10-27"
2995918,"trackplay","2022-01-29 01:05:28.000 -0800","Fela's London Scene","Fela Kuti & Afrika 70","Buy Africa",52740,35,"Overnight Afrobeats","Afrobeat","[""Lace Cadence""]","Fresh Afrobeats with @LaceCadence & @KokobakaPapi.","2022-01-29 01:00:36.000 -0800","1971-01-01"
2995917,"trackplay","2022-01-29 01:01:13.000 -0800","Last Dance","A-Star, Anguesomo","Last Dance",52738,12,"Street Sounds","Hip Hop","[""Vitamin D""]","","2022-01-28 21:57:35.000 -0800","2021-07-30"
2995916,"trackplay","2022-01-29 00:53:35.000 -0800","\N","Abstract Tribe Unique","Strenth of A.T.U.",52738,12,"Street Sounds","Hip Hop","[""Vitamin D""]","","2022-01-28 21:57:35.000 -0800","\N"
2995915,"trackplay","2022-01-29 00:31:19.000 -0800","Soundpieces: Da Antidote!","Lootpack feat. Dilated Peoples","Long Awaited",52738,12,"Street Sounds","Hip Hop","[""Vitamin D""]","","2022-01-28 21:57:35.000 -0800","1999-06-29"
2995914,"trackplay","2022-01-29 00:49:13.000 -0800","\N","Xzibit","What U See",52738,12,"Street Sounds","Hip Hop","[""Vitamin D""]","","2022-01-28 21:57:35.000 -0800","\N"
2995913,"trackplay","2022-01-29 00:35:36.000 -0800","21 & Over","Tha Alkaholiks","Only When I’m Drunk",52738,12,"Street Sounds","Hip Hop","[""Vitamin D""]","","2022-01-28 21:57:35.000 -0800","1993-08-24"
2995912,"trackplay","2022-01-29 00:41:43.000 -0800","L.A. Takedown: JR5 The Compilation 1992 - 2003","Jurassic 5","Improvise",52738,12,"Street Sounds","Hip Hop","[""Vitamin D""]","","2022-01-28 21:57:35.000 -0800","2004-01-01"
2995911,"trackplay","2022-01-29 00:46:18.000 -0800","Still in Training","Planet Asia","Rock tha Mic (Walt Liquor)",52738,12,"Street Sounds","Hip Hop","[""Vitamin D""]","","2022-01-28 21:57:35.000 -0800","2002-01-01"
2995910,"trackplay","2022-01-29 00:22:07.000 -0800","Ruff Rhymes","King Tee feat. Tha Alkaholiks","Got It Bad Y'all",52738,12,"Street Sounds","Hip Hop","[""Vitamin D""]","","2022-01-28 21:57:35.000 -0800","1998-11-03"
2995909,"trackplay","2022-01-29 00:19:10.000 -0800","The Platform","Dilated Peoples","Triple Optics",52738,12,"Street Sounds","Hip Hop","[""Vitamin D""]","","2022-01-28 21:57:35.000 -0800","2000-05-20"
2995908,"trackplay","2022-01-29 00:15:11.000 -0800","Jurassick! (Freestyles and Rarities)","Jurassic 5","Unified Rebellion",52738,12,"Street Sounds","Hip Hop","[""Vitamin D""]","","2022-01-28 21:57:35.000 -0800","2004-01-01"
2995907,"trackplay","2022-01-29 00:11:34.000 -0800","3rd Eye Vision","Hieroglyphics","The Who",52738,12,"Street Sounds","Hip Hop","[""Vitamin D""]","","2022-01-28 21:57:35.000 -0800","1998-03-24"
2995906,"trackplay","2022-01-29 00:06:59.000 -0800","A Book of Human Language (Accompanied by Mumbles)","Aceyalone","The Balance",52738,12,"Street Sounds","Hip Hop","[""Vitamin D""]","","2022-01-28 21:57:35.000 -0800","1998-04-14"
2995905,"trackplay","2022-01-29 00:03:30.000 -0800","World Ultimate","The Nonce","Bus Stops",52738,12,"Street Sounds","Hip Hop","[""Vitamin D""]","","2022-01-28 21:57:35.000 -0800","2014-11-26"
2995904,"trackplay","2022-01-29 00:01:28.000 -0800","40 Daze & 40 Mics","Blackalicious","A to G",52738,12,"Street Sounds","Hip Hop","[""Vitamin D""]","","2022-01-28 21:57:35.000 -0800","\N"
2995903,"trackplay","2022-01-28 23:55:22.000 -0800","Swimming","Mac Miller","Self Care",52738,12,"Street Sounds","Hip Hop","[""Vitamin D""]","","2022-01-28 21:57:35.000 -0800","2018-08-03"
2995902,"trackplay","2022-01-28 23:53:16.000 -0800","\N","2 Chains","Mortgage Free",52738,12,"Street Sounds","Hip Hop","[""Vitamin D""]","","2022-01-28 21:57:35.000 -0800","\N"
2995901,"trackplay","2022-01-28 23:48:49.000 -0800","Super Tecmo Bo","Boldy James","Bumps and Bruises",52738,12,"Street Sounds","Hip Hop","[""Vitamin D""]","","2022-01-28 21:57:35.000 -0800","2021-12-14"
2995900,"trackplay","2022-01-28 23:45:48.000 -0800","The Product Is You","Smino","I Deserve",52738,12,"Street Sounds","Hip Hop","[""Vitamin D""]","","2022-01-28 21:57:35.000 -0800","2017-02-25"
2995899,"trackplay","2022-01-28 23:41:20.000 -0800","From A Bird’s Eye View","Cordae feat. Freddie Gibbs, Nas & Stevie Wonder","Champagne Glasses",52738,12,"Street Sounds","Hip Hop","[""Vitamin D""]","","2022-01-28 21:57:35.000 -0800","2022-01-14"
2995898,"trackplay","2022-01-28 23:39:05.000 -0800","The Don & Eye","The Musalini & 9th Wonder feat. 38 Spesh","Don Music",52738,12,"Street Sounds","Hip Hop","[""Vitamin D""]","","2022-01-28 21:57:35.000 -0800","2022-01-10"
2995897,"trackplay","2022-01-28 23:32:49.000 -0800","Wiz Got Wings","Cardo, Sledgren & Wiz Khalifa","Blacc Tarantino",52738,12,"Street Sounds","Hip Hop","[""Vitamin D""]","","2022-01-28 21:57:35.000 -0800","2021-12-10"
2995896,"trackplay","2022-01-28 23:28:38.000 -0800","\N","KRS‐One","Respect",52738,12,"Street Sounds","Hip Hop","[""Vitamin D""]","","2022-01-28 21:57:35.000 -0800","\N"
2995895,"trackplay","2022-01-28 23:23:37.000 -0800","\N","Roc Marciano","1000 MILE STARE",52738,12,"Street Sounds","Hip Hop","[""Vitamin D""]","","2022-01-28 21:57:35.000 -0800","\N"
2995894,"trackplay","2022-01-28 23:21:50.000 -0800","Disco!","MIKE","Aww (Zaza)",52738,12,"Street Sounds","Hip Hop","[""Vitamin D""]","","2022-01-28 21:57:35.000 -0800","2021-06-21"
2995893,"trackplay","2022-01-28 23:15:51.000 -0800","\N","The Heavy Trafickerz","Run It Up",52738,12,"Street Sounds","Hip Hop","[""Vitamin D""]","","2022-01-28 21:57:35.000 -0800","\N"
2995892,"trackplay","2022-01-28 23:10:53.000 -0800","Food for Thought","Che Noir","Table for 3",52738,12,"Street Sounds","Hip Hop","[""Vitamin D""]","","2022-01-28 21:57:35.000 -0800","2022-01-21"
2995891,"trackplay","2022-01-28 23:01:20.000 -0800","\N","The Game/ Kanye West","Easy",52738,12,"Street Sounds","Hip Hop","[""Vitamin D""]","","2022-01-28 21:57:35.000 -0800","\N"
2995890,"trackplay","2022-01-28 22:58:07.000 -0800","Magic","Nas, A$AP Rocky & DJ Premier","Wave Gods",52738,12,"Street Sounds","Hip Hop","[""Vitamin D""]","","2022-01-28 21:57:35.000 -0800","2021-12-24"
2995889,"trackplay","2022-01-28 22:57:03.000 -0800","\N","Your Cousin Alex","Profit",52738,12,"Street Sounds","Hip Hop","[""Vitamin D""]","","2022-01-28 21:57:35.000 -0800","\N"
2995888,"trackplay","2022-01-28 22:53:45.000 -0800","\N","Stove God Cooks","That's the Game",52738,12,"Street Sounds","Hip Hop","[""Vitamin D""]","","2022-01-28 21:57:35.000 -0800","\N"
2995887,"trackplay","2022-01-28 22:52:22.000 -0800","Sick!","Earl Sweatshirt","Titanic",52738,12,"Street Sounds","Hip Hop","[""Vitamin D""]","","2022-01-28 21:57:35.000 -0800","2022-01-14"
2995886,"trackplay","2022-01-28 22:44:34.000 -0800","\N","Ransom","All The Kings Men",52738,12,"Street Sounds","Hip Hop","[""Vitamin D""]","","2022-01-28 21:57:35.000 -0800","\N"
2995885,"trackplay","2022-01-28 22:40:57.000 -0800","\N","Rick Ross FT. Anderson Paak","Not for Nothin’",52738,12,"Street Sounds","Hip Hop","[""Vitamin D""]","","2022-01-28 21:57:35.000 -0800","\N"
2995884,"trackplay","2022-01-28 22:37:46.000 -0800","\N","Saba FT. Krayzie Bone","Come My Way",52738,12,"Street Sounds","Hip Hop","[""Vitamin D""]","","2022-01-28 21:57:35.000 -0800","\N"
2995883,"trackplay","2022-01-28 22:30:21.000 -0800","American Horror Story","EARTHGANG","American Horror Story",52738,12,"Street Sounds","Hip Hop","[""Vitamin D""]","","2022-01-28 21:57:35.000 -0800","2021-12-08"
2995882,"trackplay","2022-01-28 22:26:57.000 -0800","\N","Benny The Butcher t. J Cole","Jonny P's Caddy",52738,12,"Street Sounds","Hip Hop","[""Vitamin D""]","","2022-01-28 21:57:35.000 -0800","\N"
2995881,"trackplay","2022-01-28 22:23:54.000 -0800","Balens Cho (Hot Candles)","Mach‐Hommy","SELF LUH",52738,12,"Street Sounds","Hip Hop","[""Vitamin D""]","","2022-01-28 21:57:35.000 -0800","2021-12-04"
2995880,"trackplay","2022-01-28 22:17:56.000 -0800","\N","C-Red","Tired",52738,12,"Street Sounds","Hip Hop","[""Vitamin D""]","","2022-01-28 21:57:35.000 -0800","\N"
2995879,"trackplay","2022-01-28 22:15:26.000 -0800","\N","7XETHEGENIUS","BREAK SOUL",52738,12,"Street Sounds","Hip Hop","[""Vitamin D""]","","2022-01-28 21:57:35.000 -0800","\N"
2995878,"trackplay","2022-01-28 22:13:57.000 -0800","\N","Riian Raquel","LOVELY",52738,12,"Street Sounds","Hip Hop","[""Vitamin D""]","","2022-01-28 21:57:35.000 -0800","\N"
2995877,"trackplay","2022-01-28 22:11:11.000 -0800","\N","Uniq","Mr. Amazon",52738,12,"Street Sounds","Hip Hop","[""Vitamin D""]","","2022-01-28 21:57:35.000 -0800","\N"
2995876,"trackplay","2022-01-28 22:08:18.000 -0800","\N","Raposody Ft. Bilal","Don't Cry For Me",52738,12,"Street Sounds","Hip Hop","[""Vitamin D""]","","2022-01-28 21:57:35.000 -0800","\N"
2995875,"trackplay","2022-01-28 22:03:00.000 -0800","Food for Thought","Che Noir feat. 7xvethegenius & Armani Ceasar","Ladies Brunch",52738,12,"Street Sounds","Hip Hop","[""Vitamin D""]","","2022-01-28 21:57:35.000 -0800","2022-01-21"
2995874,"trackplay","2022-01-28 21:57:19.000 -0800","Rush","Raveena","Rush",52737,22,"Friday Night","Rock,Eclectic,Variety Mix","[""Michele Myers""]","Continuing my Instruments series with a spotlight on Drummers! Suggestions? dj@kexp.org or Twitter and Instagram @djmichelemyers","2022-01-28 19:02:00.000 -0800","2022-01-14"
2995872,"trackplay","2022-01-28 21:52:58.000 -0800","Why Try Harder: The Greatest Hits","Fatboy Slim","That Old Pair of Jeans (radio edit)",52737,22,"Friday Night","Rock,Eclectic,Variety Mix","[""Michele Myers""]","Continuing my Instruments series with a spotlight on Drummers! Suggestions? dj@kexp.org or Twitter and Instagram @djmichelemyers","2022-01-28 19:02:00.000 -0800","2006-01-01"
2995871,"trackplay","2022-01-28 21:49:10.000 -0800","The Suffers","The Suffers","Gwan",52737,22,"Friday Night","Rock,Eclectic,Variety Mix","[""Michele Myers""]","Continuing my Instruments series with a spotlight on Drummers! Suggestions? dj@kexp.org or Twitter and Instagram @djmichelemyers","2022-01-28 19:02:00.000 -0800","2016-01-12"
2995870,"trackplay","2022-01-28 21:43:29.000 -0800","Roseland NYC Live","Portishead","Roads",52737,22,"Friday Night","Rock,Eclectic,Variety Mix","[""Michele Myers""]","Continuing my Instruments series with a spotlight on Drummers! Suggestions? dj@kexp.org or Twitter and Instagram @djmichelemyers","2022-01-28 19:02:00.000 -0800","1998-11-02"
2995868,"trackplay","2022-01-28 21:37:18.000 -0800","Hottest Hits","Hot Chocolate","Every 1’s a Winner",52737,22,"Friday Night","Rock,Eclectic,Variety Mix","[""Michele Myers""]","Continuing my Instruments series with a spotlight on Drummers! Suggestions? dj@kexp.org or Twitter and Instagram @djmichelemyers","2022-01-28 19:02:00.000 -0800","2009-01-25"
2995867,"trackplay","2022-01-28 21:33:09.000 -0800","Entreprise - Année 2","Julia Jean Baptiste","Confetti",52737,22,"Friday Night","Rock,Eclectic,Variety Mix","[""Michele Myers""]","Continuing my Instruments series with a spotlight on Drummers! Suggestions? dj@kexp.org or Twitter and Instagram @djmichelemyers","2022-01-28 19:02:00.000 -0800","2014-12-08"
2995866,"trackplay","2022-01-28 21:29:41.000 -0800","How Deep Is Your Love","Calvin Harris & Disciples","How Deep Is Your Love",52737,22,"Friday Night","Rock,Eclectic,Variety Mix","[""Michele Myers""]","Continuing my Instruments series with a spotlight on Drummers! Suggestions? dj@kexp.org or Twitter and Instagram @djmichelemyers","2022-01-28 19:02:00.000 -0800","2015-07-17"
2995865,"trackplay","2022-01-28 21:26:35.000 -0800","African Giant","Burna Boy","Anybody",52737,22,"Friday Night","Rock,Eclectic,Variety Mix","[""Michele Myers""]","Continuing my Instruments series with a spotlight on Drummers! Suggestions? dj@kexp.org or Twitter and Instagram @djmichelemyers","2022-01-28 19:02:00.000 -0800","2019-07-25"
2995864,"trackplay","2022-01-28 21:22:33.000 -0800","Blue Lines","Massive Attack","Be Thankful For What You’ve Got",52737,22,"Friday Night","Rock,Eclectic,Variety Mix","[""Michele Myers""]","Continuing my Instruments series with a spotlight on Drummers! Suggestions? dj@kexp.org or Twitter and Instagram @djmichelemyers","2022-01-28 19:02:00.000 -0800","1991-04-08"
2995863,"trackplay","2022-01-28 21:18:49.000 -0800","A Long Walk","Jill Scott","A Long Walk",52737,22,"Friday Night","Rock,Eclectic,Variety Mix","[""Michele Myers""]","Continuing my Instruments series with a spotlight on Drummers! Suggestions? dj@kexp.org or Twitter and Instagram @djmichelemyers","2022-01-28 19:02:00.000 -0800","2000-01-01"
2995861,"trackplay","2022-01-28 21:13:16.000 -0800","Oonops Drops","Mankoora","Sonor Tropical",52737,22,"Friday Night","Rock,Eclectic,Variety Mix","[""Michele Myers""]","Continuing my Instruments series with a spotlight on Drummers! Suggestions? dj@kexp.org or Twitter and Instagram @djmichelemyers","2022-01-28 19:02:00.000 -0800","2018-01-01"
2995860,"trackplay","2022-01-28 21:09:15.000 -0800","Umbrella","Rihanna feat. Jay‐Z","Umbrella",52737,22,"Friday Night","Rock,Eclectic,Variety Mix","[""Michele Myers""]","Continuing my Instruments series with a spotlight on Drummers! Suggestions? dj@kexp.org or Twitter and Instagram @djmichelemyers","2022-01-28 19:02:00.000 -0800","2007-03-29"
2995859,"trackplay","2022-01-28 21:04:18.000 -0800","6 Underground","Sneaker Pimps","Six Underground (The Perfecto mix)",52737,22,"Friday Night","Rock,Eclectic,Variety Mix","[""Michele Myers""]","Continuing my Instruments series with a spotlight on Drummers! Suggestions? dj@kexp.org or Twitter and Instagram @djmichelemyers","2022-01-28 19:02:00.000 -0800","1996-09-30"
2995858,"trackplay","2022-01-28 21:02:10.000 -0800","Fragments","Bonobo","Rosewood",52737,22,"Friday Night","Rock,Eclectic,Variety Mix","[""Michele Myers""]","Continuing my Instruments series with a spotlight on Drummers! Suggestions? dj@kexp.org or Twitter and Instagram @djmichelemyers","2022-01-28 19:02:00.000 -0800","2022-01-14"
2995857,"trackplay","2022-01-28 20:58:42.000 -0800","When Life Gives You Lemons, You Paint That Shit Gold","Atmosphere","Puppets",52737,22,"Friday Night","Rock,Eclectic,Variety Mix","[""Michele Myers""]","Continuing my Instruments series with a spotlight on Drummers! Suggestions? dj@kexp.org or Twitter and Instagram @djmichelemyers","2022-01-28 19:02:00.000 -0800","2008-04-18"
2995856,"trackplay","2022-01-28 20:56:33.000 -0800","Motivation","Normani","Motivation",52737,22,"Friday Night","Rock,Eclectic,Variety Mix","[""Michele Myers""]","Continuing my Instruments series with a spotlight on Drummers! Suggestions? dj@kexp.org or Twitter and Instagram @djmichelemyers","2022-01-28 19:02:00.000 -0800","2019-08-16"
2995855,"trackplay","2022-01-28 20:53:08.000 -0800","Axis: Bold as Love","The Jimi Hendrix Experience","Little Wing",52737,22,"Friday Night","Rock,Eclectic,Variety Mix","[""Michele Myers""]","Continuing my Instruments series with a spotlight on Drummers! Suggestions? dj@kexp.org or Twitter and Instagram @djmichelemyers","2022-01-28 19:02:00.000 -0800","1967-12-01"
2995853,"trackplay","2022-01-28 20:47:14.000 -0800","Decksandrumsandrockandroll","Propellerheads Featuring Miss Shirley Bassey","History Repeating",52737,22,"Friday Night","Rock,Eclectic,Variety Mix","[""Michele Myers""]","Continuing my Instruments series with a spotlight on Drummers! Suggestions? dj@kexp.org or Twitter and Instagram @djmichelemyers","2022-01-28 19:02:00.000 -0800","1998-01-20"
2995852,"trackplay","2022-01-28 20:43:54.000 -0800","Ritual Union","Little Dragon","Ritual Union",52737,22,"Friday Night","Rock,Eclectic,Variety Mix","[""Michele Myers""]","Continuing my Instruments series with a spotlight on Drummers! Suggestions? dj@kexp.org or Twitter and Instagram @djmichelemyers","2022-01-28 19:02:00.000 -0800","2011-07-25"
2995851,"trackplay","2022-01-28 20:40:38.000 -0800","Real Life Is No Cool","Lindstrøm & Christabelle","Lovesick",52737,22,"Friday Night","Rock,Eclectic,Variety Mix","[""Michele Myers""]","Continuing my Instruments series with a spotlight on Drummers! Suggestions? dj@kexp.org or Twitter and Instagram @djmichelemyers","2022-01-28 19:02:00.000 -0800","2009-11-30"
2995850,"trackplay","2022-01-28 20:36:45.000 -0800","Black Pumas","Black Pumas","Colors",52737,22,"Friday Night","Rock,Eclectic,Variety Mix","[""Michele Myers""]","Continuing my Instruments series with a spotlight on Drummers! Suggestions? dj@kexp.org or Twitter and Instagram @djmichelemyers","2022-01-28 19:02:00.000 -0800","2019-06-21"
2995849,"trackplay","2022-01-28 20:32:25.000 -0800","Soul Mosaic","Greyboy feat. Sharon Jones","Gotta’ Stand for Something",52737,22,"Friday Night","Rock,Eclectic,Variety Mix","[""Michele Myers""]","Continuing my Instruments series with a spotlight on Drummers! Suggestions? dj@kexp.org or Twitter and Instagram @djmichelemyers","2022-01-28 19:02:00.000 -0800","2004-04-06"
2995848,"trackplay","2022-01-28 20:29:51.000 -0800","Live At Lincoln Hall","Khruangbin","Evan Finds The Third Room",52737,22,"Friday Night","Rock,Eclectic,Variety Mix","[""Michele Myers""]","Continuing my Instruments series with a spotlight on Drummers! Suggestions? dj@kexp.org or Twitter and Instagram @djmichelemyers","2022-01-28 19:02:00.000 -0800","2018-11-13"
2995846,"trackplay","2022-01-28 20:24:30.000 -0800","Summer of Soul","Mongo Santamaría","Watermelon Man (live at the 1969 Cultural Festival In Harlem)",52737,22,"Friday Night","Rock,Eclectic,Variety Mix","[""Michele Myers""]","Continuing my Instruments series with a spotlight on Drummers! Suggestions? dj@kexp.org or Twitter and Instagram @djmichelemyers","2022-01-28 19:02:00.000 -0800","2022-01-01"
2995845,"trackplay","2022-01-28 20:20:19.000 -0800","Decades","Wild Powwers","Decades",52737,22,"Friday Night","Rock,Eclectic,Variety Mix","[""Michele Myers""]","Continuing my Instruments series with a spotlight on Drummers! Suggestions? dj@kexp.org or Twitter and Instagram @djmichelemyers","2022-01-28 19:02:00.000 -0800","2021-03-30"
2995844,"trackplay","2022-01-28 20:17:45.000 -0800","Outlandos d’Amour","The Police","Next to You",52737,22,"Friday Night","Rock,Eclectic,Variety Mix","[""Michele Myers""]","Continuing my Instruments series with a spotlight on Drummers! Suggestions? dj@kexp.org or Twitter and Instagram @djmichelemyers","2022-01-28 19:02:00.000 -0800","1978-11-02"
2995843,"trackplay","2022-01-28 20:14:43.000 -0800","Drums of Passion: The Invocation","Babatunde Olatunji","Ajaja",52737,22,"Friday Night","Rock,Eclectic,Variety Mix","[""Michele Myers""]","Continuing my Instruments series with a spotlight on Drummers! Suggestions? dj@kexp.org or Twitter and Instagram @djmichelemyers","2022-01-28 19:02:00.000 -0800","1988-01-01"
2995841,"trackplay","2022-01-28 20:06:06.000 -0800","Gold: Greatest Hits","James Brown","Cold Sweat",52737,22,"Friday Night","Rock,Eclectic,Variety Mix","[""Michele Myers""]","Continuing my Instruments series with a spotlight on Drummers! Suggestions? dj@kexp.org or Twitter and Instagram @djmichelemyers","2022-01-28 19:02:00.000 -0800","2004-06-01"
2995840,"trackplay","2022-01-28 20:03:07.000 -0800","The Dirty","The True Loves","The Dapper Derp",52737,22,"Friday Night","Rock,Eclectic,Variety Mix","[""Michele Myers""]","Continuing my Instruments series with a spotlight on Drummers! Suggestions? dj@kexp.org or Twitter and Instagram @djmichelemyers","2022-01-28 19:02:00.000 -0800","2018-03-21"
2995839,"trackplay","2022-01-28 19:59:11.000 -0800","I Am Not Afraid of You and I Will Beat Your Ass","Yo La Tengo","Mr. Tough",52737,22,"Friday Night","Rock,Eclectic,Variety Mix","[""Michele Myers""]","Continuing my Instruments series with a spotlight on Drummers! Suggestions? dj@kexp.org or Twitter and Instagram @djmichelemyers","2022-01-28 19:02:00.000 -0800","2006-09-08"
2995837,"trackplay","2022-01-28 19:56:31.000 -0800","Howl","Black Rebel Motorcycle Club","Ain’t No Easy Way",52737,22,"Friday Night","Rock,Eclectic,Variety Mix","[""Michele Myers""]","Continuing my Instruments series with a spotlight on Drummers! Suggestions? dj@kexp.org or Twitter and Instagram @djmichelemyers","2022-01-28 19:02:00.000 -0800","2005-08-23"
2995836,"trackplay","2022-01-28 19:48:44.000 -0800","Iconic: Message 4 America","Sheila E.","Yes We Can Can",52737,22,"Friday Night","Rock,Eclectic,Variety Mix","[""Michele Myers""]","Continuing my Instruments series with a spotlight on Drummers! Suggestions? dj@kexp.org or Twitter and Instagram @djmichelemyers","2022-01-28 19:02:00.000 -0800","2017-08-17"
2995835,"trackplay","2022-01-28 19:43:06.000 -0800","Mambos With Puente","Tito Puente and His Orchestra","Oye Como Va (Live)",52737,22,"Friday Night","Rock,Eclectic,Variety Mix","[""Michele Myers""]","Continuing my Instruments series with a spotlight on Drummers! Suggestions? dj@kexp.org or Twitter and Instagram @djmichelemyers","2022-01-28 19:02:00.000 -0800","1992-01-01"
2995834,"trackplay","2022-01-28 19:37:48.000 -0800","Abraxas","Santana","Black Magic Woman",52737,22,"Friday Night","Rock,Eclectic,Variety Mix","[""Michele Myers""]","Continuing my Instruments series with a spotlight on Drummers! Suggestions? dj@kexp.org or Twitter and Instagram @djmichelemyers","2022-01-28 19:02:00.000 -0800","1970-11-01"
2995834,"trackplay","2022-01-28 19:37:48.000 -0800","Santana Live","Santana","Black Magic Woman (live)",52737,22,"Friday Night","Rock,Eclectic,Variety Mix","[""Michele Myers""]","Continuing my Instruments series with a spotlight on Drummers! Suggestions? dj@kexp.org or Twitter and Instagram @djmichelemyers","2022-01-28 19:02:00.000 -0800","2010-01-01"
2995833,"trackplay","2022-01-28 19:33:56.000 -0800","The Velvet Underground","The Velvet Underground","Beginning to See the Light",52737,22,"Friday Night","Rock,Eclectic,Variety Mix","[""Michele Myers""]","Continuing my Instruments series with a spotlight on Drummers! Suggestions? dj@kexp.org or Twitter and Instagram @djmichelemyers","2022-01-28 19:02:00.000 -0800","1969-03-01"
2995832,"trackplay","2022-01-28 19:29:37.000 -0800","White Stripes 3″ Record Set","The White Stripes","Seven Nation Army",52737,22,"Friday Night","Rock,Eclectic,Variety Mix","[""Michele Myers""]","Continuing my Instruments series with a spotlight on Drummers! Suggestions? dj@kexp.org or Twitter and Instagram @djmichelemyers","2022-01-28 19:02:00.000 -0800","2014-02-01"
2995830,"trackplay","2022-01-28 19:22:48.000 -0800","Benny Goodman & His Orchestra 1935 - 1939","Benny Goodman and His Orchestra","Sing, Sing, Sing",52737,22,"Friday Night","Rock,Eclectic,Variety Mix","[""Michele Myers""]","Continuing my Instruments series with a spotlight on Drummers! Suggestions? dj@kexp.org or Twitter and Instagram @djmichelemyers","2022-01-28 19:02:00.000 -0800","2007-04-14"
2995829,"trackplay","2022-01-28 19:18:00.000 -0800","20th Century Masters: The Millennium Collection: The Best of The Runaways","The Runaways","Cherry Bomb",52737,22,"Friday Night","Rock,Eclectic,Variety Mix","[""Michele Myers""]","Continuing my Instruments series with a spotlight on Drummers! Suggestions? dj@kexp.org or Twitter and Instagram @djmichelemyers","2022-01-28 19:02:00.000 -0800","2005-05-24"
2995828,"trackplay","2022-01-28 19:16:43.000 -0800","No Cities to Love","Sleater‐Kinney","No Cities to Love",52737,22,"Friday Night","Rock,Eclectic,Variety Mix","[""Michele Myers""]","Continuing my Instruments series with a spotlight on Drummers! Suggestions? dj@kexp.org or Twitter and Instagram @djmichelemyers","2022-01-28 19:02:00.000 -0800","2015-01-14"
2995827,"trackplay","2022-01-28 19:11:23.000 -0800","Secret Agent","Tony Allen","Secret Agent",52737,22,"Friday Night","Rock,Eclectic,Variety Mix","[""Michele Myers""]","Continuing my Instruments series with a spotlight on Drummers! Suggestions? dj@kexp.org or Twitter and Instagram @djmichelemyers","2022-01-28 19:02:00.000 -0800","2009-06-08"
2995826,"trackplay","2022-01-28 19:08:15.000 -0800","Soundtrack for a Revolution","The Roots","Ain't Gonna Let Nobody Turn Me Round",52737,22,"Friday Night","Rock,Eclectic,Variety Mix","[""Michele Myers""]","Continuing my Instruments series with a spotlight on Drummers! Suggestions? dj@kexp.org or Twitter and Instagram @djmichelemyers","2022-01-28 19:02:00.000 -0800","2012-02-14"
2995825,"trackplay","2022-01-28 19:05:53.000 -0800","Aretha’s Best","Aretha Franklin","Respect",52737,22,"Friday Night","Rock,Eclectic,Variety Mix","[""Michele Myers""]","Continuing my Instruments series with a spotlight on Drummers! Suggestions? dj@kexp.org or Twitter and Instagram @djmichelemyers","2022-01-28 19:02:00.000 -0800","2001-05-15"
2995823,"trackplay","2022-01-28 19:02:00.000 -0800","Daddy G`","Aretha Franklin remixed","Rock Steady Danny Krivit remix",52736,33,"Drive Time","Rock,Eclectic,Variety Mix","[""Kevin Cole""]","You look lovely today! Interact with us: dj@kexp.org or text (206) 903-5397.","2022-01-28 16:00:41.000 -0800","2004-01-01"
2995822,"trackplay","2022-01-28 18:55:15.000 -0800","Paid in Full","Eric B. & Rakim","I Know You Got Soul",52736,33,"Drive Time","Rock,Eclectic,Variety Mix","[""Kevin Cole""]","You look lovely today! Interact with us: dj@kexp.org or text (206) 903-5397.","2022-01-28 16:00:41.000 -0800","1987-07-07"
2995820,"trackplay","2022-01-28 18:49:26.000 -0800","Sonancy","Loop","Halo",52736,33,"Drive Time","Rock,Eclectic,Variety Mix","[""Kevin Cole""]","You look lovely today! Interact with us: dj@kexp.org or text (206) 903-5397.","2022-01-28 16:00:41.000 -0800","2022-03-18"
2995819,"trackplay","2022-01-28 18:45:20.000 -0800","A Bell Is a Cup Until It Is Struck","Wire","Kidney Bingos",52736,33,"Drive Time","Rock,Eclectic,Variety Mix","[""Kevin Cole""]","You look lovely today! Interact with us: dj@kexp.org or text (206) 903-5397.","2022-01-28 16:00:41.000 -0800","1988-05-16"
2995818,"trackplay","2022-01-28 18:42:15.000 -0800","Too Late Now / Oh No","Wet Leg","Too Late Now",52736,33,"Drive Time","Rock,Eclectic,Variety Mix","[""Kevin Cole""]","You look lovely today! Interact with us: dj@kexp.org or text (206) 903-5397.","2022-01-28 16:00:41.000 -0800","2021-11-29"
2995817,"trackplay","2022-01-28 18:38:33.000 -0800","Move Any Mountain: Progen 91","The Shamen","Move Any Mountain: Progen 91 (Landslide edit)",52736,33,"Drive Time","Rock,Eclectic,Variety Mix","[""Kevin Cole""]","You look lovely today! Interact with us: dj@kexp.org or text (206) 903-5397.","2022-01-28 16:00:41.000 -0800","1991-03-01"
2995817,"trackplay","2022-01-28 18:38:33.000 -0800","Move Any Mountain: Progen 91","The Shamen","Move Any Mountain: Progen 91 (Landslide edit)",52736,33,"Drive Time","Rock,Eclectic,Variety Mix","[""Kevin Cole""]","You look lovely today! Interact with us: dj@kexp.org or text (206) 903-5397.","2022-01-28 16:00:41.000 -0800","1991-03-01"
2995816,"trackplay","2022-01-28 18:34:54.000 -0800","TILT","Confidence Man","Feels Like A Different Thing",52736,33,"Drive Time","Rock,Eclectic,Variety Mix","[""Kevin Cole""]","You look lovely today! Interact with us: dj@kexp.org or text (206) 903-5397.","2022-01-28 16:00:41.000 -0800","2022-04-01"
2995814,"trackplay","2022-01-28 18:27:37.000 -0800","\N","Vampire Weekend","Step",52736,33,"Drive Time","Rock,Eclectic,Variety Mix","[""Kevin Cole""]","You look lovely today! Interact with us: dj@kexp.org or text (206) 903-5397.","2022-01-28 16:00:41.000 -0800","\N"
2995813,"trackplay","2022-01-28 18:24:53.000 -0800","Loving in Stereo","Jungle feat. Bas","Romeo",52736,33,"Drive Time","Rock,Eclectic,Variety Mix","[""Kevin Cole""]","You look lovely today! Interact with us: dj@kexp.org or text (206) 903-5397.","2022-01-28 16:00:41.000 -0800","2021-08-13"
2995812,"trackplay","2022-01-28 18:22:02.000 -0800","Beg for You","Charli XCX feat. Rina Sawayama","Beg for You",52736,33,"Drive Time","Rock,Eclectic,Variety Mix","[""Kevin Cole""]","You look lovely today! Interact with us: dj@kexp.org or text (206) 903-5397.","2022-01-28 16:00:41.000 -0800","2022-01-27"
2995811,"trackplay","2022-01-28 18:18:31.000 -0800","CAPRISONGS","FKA twigs feat. Shygirl","papi bones",52736,33,"Drive Time","Rock,Eclectic,Variety Mix","[""Kevin Cole""]","You look lovely today! Interact with us: dj@kexp.org or text (206) 903-5397.","2022-01-28 16:00:41.000 -0800","\N"
2995810,"trackplay","2022-01-28 18:15:29.000 -0800","Brick Figures","TNGHT","Brick Figures",52736,33,"Drive Time","Rock,Eclectic,Variety Mix","[""Kevin Cole""]","You look lovely today! Interact with us: dj@kexp.org or text (206) 903-5397.","2022-01-28 16:00:41.000 -0800","2021-12-17"
2995809,"trackplay","2022-01-28 18:12:43.000 -0800","Intimidated","KAYTRANADA feat. Thundercat","Be Careful",52736,33,"Drive Time","Rock,Eclectic,Variety Mix","[""Kevin Cole""]","You look lovely today! Interact with us: dj@kexp.org or text (206) 903-5397.","2022-01-28 16:00:41.000 -0800","2021-11-19"
2995807,"trackplay","2022-01-28 18:09:11.000 -0800","Neon Golden","The Notwist","One With the Freaks",52736,33,"Drive Time","Rock,Eclectic,Variety Mix","[""Kevin Cole""]","You look lovely today! Interact with us: dj@kexp.org or text (206) 903-5397.","2022-01-28 16:00:41.000 -0800","2002-01-14"
2995807,"trackplay","2022-01-28 18:09:11.000 -0800","Neon Golden","The Notwist","One With the Freaks",52736,33,"Drive Time","Rock,Eclectic,Variety Mix","[""Kevin Cole""]","You look lovely today! Interact with us: dj@kexp.org or text (206) 903-5397.","2022-01-28 16:00:41.000 -0800","2002-01-14"
2995806,"trackplay","2022-01-28 18:04:42.000 -0800","The Runner (Original Soundtrack)","Boy Harsher feat. Lucy & Cooper B. Handy","Autonomy",52736,33,"Drive Time","Rock,Eclectic,Variety Mix","[""Kevin Cole""]","You look lovely today! Interact with us: dj@kexp.org or text (206) 903-5397.","2022-01-28 16:00:41.000 -0800","2022-01-21"
2995805,"trackplay","2022-01-28 18:01:37.000 -0800","Welcome to Slow Cooker","The Vega Bodegas","Welcome to Slow Cooker",52736,33,"Drive Time","Rock,Eclectic,Variety Mix","[""Kevin Cole""]","You look lovely today! Interact with us: dj@kexp.org or text (206) 903-5397.","2022-01-28 16:00:41.000 -0800","2021-11-18"
2995804,"trackplay","2022-01-28 17:56:49.000 -0800","Scary Monsters… and Super Creeps","David Bowie","Scary Monsters (and Super Creeps)",52736,33,"Drive Time","Rock,Eclectic,Variety Mix","[""Kevin Cole""]","You look lovely today! Interact with us: dj@kexp.org or text (206) 903-5397.","2022-01-28 16:00:41.000 -0800","1980-09-01"
2995803,"trackplay","2022-01-28 17:53:04.000 -0800","Where the Beat Goes On","Fingerprints","Down",52736,33,"Drive Time","Rock,Eclectic,Variety Mix","[""Kevin Cole""]","You look lovely today! Interact with us: dj@kexp.org or text (206) 903-5397.","2022-01-28 16:00:41.000 -0800","\N"
2995803,"trackplay","2022-01-28 17:53:04.000 -0800","Big Hits Of Mid-America","Fingerprints","Down",52736,33,"Drive Time","Rock,Eclectic,Variety Mix","[""Kevin Cole""]","You look lovely today! Interact with us: dj@kexp.org or text (206) 903-5397.","2022-01-28 16:00:41.000 -0800","1979-01-01"
2995802,"trackplay","2022-01-28 17:50:49.000 -0800","Where The Beat Goes On","Fingerprints","Place in My Heart",52736,33,"Drive Time","Rock,Eclectic,Variety Mix","[""Kevin Cole""]","You look lovely today! Interact with us: dj@kexp.org or text (206) 903-5397.","2022-01-28 16:00:41.000 -0800","\N"
2995800,"trackplay","2022-01-28 17:42:23.000 -0800","CRAWLER","IDLES","The Wheel",52736,33,"Drive Time","Rock,Eclectic,Variety Mix","[""Kevin Cole""]","You look lovely today! Interact with us: dj@kexp.org or text (206) 903-5397.","2022-01-28 16:00:41.000 -0800","2021-11-12"
2995799,"trackplay","2022-01-28 17:39:39.000 -0800","The Futureheads","The Futureheads","Hounds of Love",52736,33,"Drive Time","Rock,Eclectic,Variety Mix","[""Kevin Cole""]","You look lovely today! Interact with us: dj@kexp.org or text (206) 903-5397.","2022-01-28 16:00:41.000 -0800","2004-01-01"
2995798,"trackplay","2022-01-28 17:34:49.000 -0800","Broken Eyes","PLOSIVS","Broken Eyes",52736,33,"Drive Time","Rock,Eclectic,Variety Mix","[""Kevin Cole""]","You look lovely today! Interact with us: dj@kexp.org or text (206) 903-5397.","2022-01-28 16:00:41.000 -0800","2022-01-20"
2995796,"trackplay","2022-01-28 17:30:46.000 -0800","Bitchcraft","Bitch","You’re The Man",52736,33,"Drive Time","Rock,Eclectic,Variety Mix","[""Kevin Cole""]","You look lovely today! Interact with us: dj@kexp.org or text (206) 903-5397.","2022-01-28 16:00:41.000 -0800","2022-02-04"
2995795,"trackplay","2022-01-28 17:27:22.000 -0800","The Line Is a Curve","Kae Tempest feat. Kevin Abstract","More Pressure",52736,33,"Drive Time","Rock,Eclectic,Variety Mix","[""Kevin Cole""]","You look lovely today! Interact with us: dj@kexp.org or text (206) 903-5397.","2022-01-28 16:00:41.000 -0800","2022-04-08"
2995794,"trackplay","2022-01-28 17:21:30.000 -0800","Diamond Life","Sade","Hang On to Your Love",52736,33,"Drive Time","Rock,Eclectic,Variety Mix","[""Kevin Cole""]","You look lovely today! Interact with us: dj@kexp.org or text (206) 903-5397.","2022-01-28 16:00:41.000 -0800","1984-07-28"
2995793,"trackplay","2022-01-28 17:18:42.000 -0800","Three Dimensions Deep","Amber Mark","Softly",52736,33,"Drive Time","Rock,Eclectic,Variety Mix","[""Kevin Cole""]","You look lovely today! Interact with us: dj@kexp.org or text (206) 903-5397.","2022-01-28 16:00:41.000 -0800","2022-01-28"
2995792,"trackplay","2022-01-28 17:15:45.000 -0800","Laurel Hell","Mitski","The Only Heartbreaker",52736,33,"Drive Time","Rock,Eclectic,Variety Mix","[""Kevin Cole""]","You look lovely today! Interact with us: dj@kexp.org or text (206) 903-5397.","2022-01-28 16:00:41.000 -0800","2022-02-04"
2995791,"trackplay","2022-01-28 17:10:28.000 -0800","Screen Violence","CHVRCHES feat. Robert Smith","How Not to Drown",52736,33,"Drive Time","Rock,Eclectic,Variety Mix","[""Kevin Cole""]","You look lovely today! Interact with us: dj@kexp.org or text (206) 903-5397.","2022-01-28 16:00:41.000 -0800","2021-08-27"
2995789,"trackplay","2022-01-28 17:04:55.000 -0800","Hope Is the Last Thing to Die","David Holmes feat. Raven Violet & Laura Lippie","Hope is the Last Thing to Die",52736,33,"Drive Time","Rock,Eclectic,Variety Mix","[""Kevin Cole""]","You look lovely today! Interact with us: dj@kexp.org or text (206) 903-5397.","2022-01-28 16:00:41.000 -0800","2021-09-22"
2995788,"trackplay","2022-01-28 16:58:19.000 -0800","2012–2017","Against All Logic","Some Kind of Game",52736,33,"Drive Time","Rock,Eclectic,Variety Mix","[""Kevin Cole""]","You look lovely today! Interact with us: dj@kexp.org or text (206) 903-5397.","2022-01-28 16:00:41.000 -0800","2018-02-17"
2995787,"trackplay","2022-01-28 16:53:51.000 -0800","Hand on the Torch","Us3","Cantaloop (Flip Fantasia)",52736,33,"Drive Time","Rock,Eclectic,Variety Mix","[""Kevin Cole""]","You look lovely today! Interact with us: dj@kexp.org or text (206) 903-5397.","2022-01-28 16:00:41.000 -0800","1993-11-16"
2995786,"trackplay","2022-01-28 16:50:43.000 -0800","WHOLE","CHAI","WHOLE",52736,33,"Drive Time","Rock,Eclectic,Variety Mix","[""Kevin Cole""]","You look lovely today! Interact with us: dj@kexp.org or text (206) 903-5397.","2022-01-28 16:00:41.000 -0800","2022-01-13"
2995785,"trackplay","2022-01-28 16:48:07.000 -0800","Second Nature","Lucius","Next to Normal",52736,33,"Drive Time","Rock,Eclectic,Variety Mix","[""Kevin Cole""]","You look lovely today! Interact with us: dj@kexp.org or text (206) 903-5397.","2022-01-28 16:00:41.000 -0800","2022-04-08"
2995783,"trackplay","2022-01-28 16:40:40.000 -0800","Once Twice Melody","Beach House","Runaway",52736,33,"Drive Time","Rock,Eclectic,Variety Mix","[""Kevin Cole""]","You look lovely today! Interact with us: dj@kexp.org or text (206) 903-5397.","2022-01-28 16:00:41.000 -0800","2022-02-18"
2995782,"trackplay","2022-01-28 16:36:42.000 -0800","Single Rider","Jenn Champion","Coming for You",52736,33,"Drive Time","Rock,Eclectic,Variety Mix","[""Kevin Cole""]","You look lovely today! Interact with us: dj@kexp.org or text (206) 903-5397.","2022-01-28 16:00:41.000 -0800","2018-07-13"
2995781,"trackplay","2022-01-28 16:33:19.000 -0800","Radiate Like This","Warpaint","Champion",52736,33,"Drive Time","Rock,Eclectic,Variety Mix","[""Kevin Cole""]","You look lovely today! Interact with us: dj@kexp.org or text (206) 903-5397.","2022-01-28 16:00:41.000 -0800","2022-05-06"
2995780,"trackplay","2022-01-28 16:27:30.000 -0800","A Way Forward","Nation of Language","Whatever You Want",52736,33,"Drive Time","Rock,Eclectic,Variety Mix","[""Kevin Cole""]","You look lovely today! Interact with us: dj@kexp.org or text (206) 903-5397.","2022-01-28 16:00:41.000 -0800","2021-11-05"
2995779,"trackplay","2022-01-28 16:23:01.000 -0800","Brotherhood","New Order","Bizarre Love Triangle (Shep Pettibone 12″ remix)",52736,33,"Drive Time","Rock,Eclectic,Variety Mix","[""Kevin Cole""]","You look lovely today! Interact with us: dj@kexp.org or text (206) 903-5397.","2022-01-28 16:00:41.000 -0800","1986-09-01"
2995778,"trackplay","2022-01-28 16:19:32.000 -0800","\N","San Gabriel","Castles",52736,33,"Drive Time","Rock,Eclectic,Variety Mix","[""Kevin Cole""]","You look lovely today! Interact with us: dj@kexp.org or text (206) 903-5397.","2022-01-28 16:00:41.000 -0800","\N"
2995776,"trackplay","2022-01-28 16:09:08.000 -0800","One Nation Under a Groove","Funkadelic","One Nation Under a Groove",52736,33,"Drive Time","Rock,Eclectic,Variety Mix","[""Kevin Cole""]","You look lovely today! Interact with us: dj@kexp.org or text (206) 903-5397.","2022-01-28 16:00:41.000 -0800","1978-01-01"
2995776,"trackplay","2022-01-28 16:09:08.000 -0800","One Nation Under a Groove","Funkadelic","One Nation Under a Groove",52736,33,"Drive Time","Rock,Eclectic,Variety Mix","[""Kevin Cole""]","You look lovely today! Interact with us: dj@kexp.org or text (206) 903-5397.","2022-01-28 16:00:41.000 -0800","1978-01-01"
2995775,"trackplay","2022-01-28 16:00:48.000 -0800","1999","Prince","D.M.S.R.",52735,14,"The Afternoon Show","Rock,Eclectic,Variety Mix","[""Larry Mizell, Jr.""]","Oh man, Happiest Friday to *you*!","2022-01-28 13:01:24.000 -0800","1982-10-27"
2995774,"trackplay","2022-01-28 15:54:52.000 -0800","Wild Loneliness","Superchunk","This Night",52735,14,"The Afternoon Show","Rock,Eclectic,Variety Mix","[""Larry Mizell, Jr.""]","Oh man, Happiest Friday to *you*!","2022-01-28 13:01:24.000 -0800","2022-02-25"
2995772,"trackplay","2022-01-28 15:53:09.000 -0800","Nino","The Linda Lindas","Nino",52735,14,"The Afternoon Show","Rock,Eclectic,Variety Mix","[""Larry Mizell, Jr.""]","Oh man, Happiest Friday to *you*!","2022-01-28 13:01:24.000 -0800","2021-12-01"
2995770,"trackplay","2022-01-28 15:49:35.000 -0800","Watching Strangers Smile","Parquet Courts","Watching Strangers Smile",52735,14,"The Afternoon Show","Rock,Eclectic,Variety Mix","[""Larry Mizell, Jr.""]","Oh man, Happiest Friday to *you*!","2022-01-28 13:01:24.000 -0800","2022-01-12"
2995769,"trackplay","2022-01-28 15:44:07.000 -0800","Rush","Raveena","Rush",52735,14,"The Afternoon Show","Rock,Eclectic,Variety Mix","[""Larry Mizell, Jr.""]","Oh man, Happiest Friday to *you*!","2022-01-28 13:01:24.000 -0800","2022-01-14"
2995768,"trackplay","2022-01-28 15:40:52.000 -0800","Tripwires","Hollis","Tripwires",52735,14,"The Afternoon Show","Rock,Eclectic,Variety Mix","[""Larry Mizell, Jr.""]","Oh man, Happiest Friday to *you*!","2022-01-28 13:01:24.000 -0800","2021-12-03"
2995767,"trackplay","2022-01-28 15:38:42.000 -0800","MAHAL","Toro y Moi","Postman",52735,14,"The Afternoon Show","Rock,Eclectic,Variety Mix","[""Larry Mizell, Jr.""]","Oh man, Happiest Friday to *you*!","2022-01-28 13:01:24.000 -0800","2022-04-29"
2995766,"trackplay","2022-01-28 15:34:41.000 -0800","Fundamentals","Porter Ray","Jewelry",52735,14,"The Afternoon Show","Rock,Eclectic,Variety Mix","[""Larry Mizell, Jr.""]","Oh man, Happiest Friday to *you*!","2022-01-28 13:01:24.000 -0800","2014-01-01"
